Date,STMT,MP1,currency,d_e,year_for_merge,NFA_GDP,NFA_GDP_dm,STMT_x_NFA
2000-02-02,0.0029688750090123,-0.0537037037037006,EUR,0.3795070968551721,2000,-7.065823113503851,-25.876686065131985,-0.07682464657482718
2000-03-21,0.0068786515124237,-0.0310000000000158,EUR,-0.0721166260071059,2000,-7.065823113503851,-25.876686065131985,-0.1779967057384334
2000-05-16,0.0395344686208438,0.041333333333325,EUR,-0.934534864777635,2000,-7.065823113503851,-25.876686065131985,-1.0230210332533864
2000-06-28,-0.0157440790026368,-0.019999999999996,EUR,-0.0,2000,-7.065823113503851,-25.876686065131985,0.4074045897358688
2000-08-22,0.0151885007450896,0.0172222222222063,EUR,-0.6891979258921621,2000,-7.065823113503851,-25.876686065131985,-0.3930280655807068
2000-10-03,0.0270379442984846,0.0,EUR,-0.7408707735211306,2000,-7.065823113503851,-25.876686065131985,-0.6996523964584113
2000-11-15,0.0087077276290527,0.0,EUR,-0.0349997086930414,2000,-7.065823113503851,-25.876686065131985,-0.2253271341976728
2000-12-19,0.0178112185884117,0.0516666666666563,EUR,-0.3028435941416681,2000,-7.065823113503851,-25.876686065131985,-0.46089531184977284
2001-01-03,-0.1082948922109102,-0.3874999999999937,EUR,0.0844862232111334,2001,-7.903055007605436,-26.71391795923357,2.8929808659262974
2001-01-31,0.009902018536813,0.0300000000000011,EUR,0.4738324609405792,2001,-7.903055007605436,-26.71391795923357,-0.2645217108232325
2001-03-20,-0.0325439847016355,0.0563636363636251,EUR,0.7650128778244638,2001,-7.903055007605436,-26.71391795923357,0.8693773373860431
2001-04-18,-0.2644372616610349,-0.4625000000000055,EUR,0.0226885990763406,2001,-7.903055007605436,-26.71391795923357,7.064155313377266
2001-05-15,-0.083030443689485,-0.0968749999999943,EUR,0.456205170784246,2001,-7.903055007605436,-26.71391795923357,2.2180684608396652
2001-06-27,0.0535505197786259,0.1050000000000039,EUR,-0.0231964742399453,2001,-7.903055007605436,-26.71391795923357,-1.4305441920405269
2001-08-21,-0.0351414913650395,0.02635,EUR,-0.1315645404113716,2001,-7.903055007605436,-26.71391795923357,0.9387669172907802
2001-09-17,-0.0431136324714348,-0.2134615384615738,EUR,-0.0108713377288326,2001,-7.903055007605436,-26.71391795923357,1.1517340407664576
2001-10-02,-0.0321891117637858,-0.0374137931034445,EUR,-0.1092418723452423,2001,-7.903055007605436,-26.71391795923357,0.859897290838374
2001-11-06,-0.0959269518636082,-0.1468750000000085,EUR,0.1337941999117988,2001,-7.903055007605436,-26.71391795923357,2.562584722163777
2001-12-11,-0.0348675156122902,-0.0077500000000148,EUR,0.2248707941062681,2001,-7.903055007605436,-26.71391795923357,0.931447951509016
2002-01-30,0.02165034786024,0.0200000000000102,EUR,0.0578335566405974,2002,-6.928727856416628,-25.739590808044763,-0.5572710947744052
2002-03-19,-0.0373964534956888,-0.0387500000000013,EUR,-0.2382168899186028,2002,-6.928727856416628,-25.739590808044763,0.9625694106511049
2002-05-07,-0.013856029250814,0.0,EUR,-0.1965709926397644,2002,-6.928727856416628,-25.739590808044763,0.3566485231402514
2002-06-26,0.010187602799154,0.0,EUR,1.3629354801045654,2002,-6.928727856416628,-25.739590808044763,-0.26222472736511543
2002-08-13,-0.050824427787682,0.0344444444444375,EUR,0.0920010287228629,2002,-6.928727856416628,-25.739590808044763,1.3081999743079544
2002-09-24,-0.0002908117502467,0.019999999999996,EUR,-0.0712939888628202,2002,-6.928727856416628,-25.739590808044763,0.007485375453521368
2002-11-06,-0.0577278947152216,-0.2031250000000106,EUR,-0.2003205798082577,2002,-6.928727856416628,-25.739590808044763,1.4858923881796937
2002-12-10,0.0177830212466575,0.0,EUR,-0.1488021702074332,2002,-6.928727856416628,-25.739590808044763,-0.4577276902197301
2003-01-29,0.0316433529565666,0.0050000000000096,EUR,0.2581360334468729,2003,-10.851751355128188,-29.662614306756325,-0.9386245741231926
2003-03-18,0.0048725423419934,0.023846153846166,EUR,0.1695714019139892,2003,-10.851751355128188,-29.662614306756325,-0.1445323441838894
2003-05-06,-0.0402968328970085,0.0309999999999893,EUR,0.7337049488592835,2003,-10.851751355128188,-29.662614306756325,1.1953094120077732
2003-06-25,0.0900951411777218,0.125,EUR,0.8142097817282041,2003,-10.851751355128188,-29.662614306756325,-2.6724574236675216
2003-08-12,-0.0131519587647913,0.0,EUR,-0.3972988936775599,2003,-10.851751355128188,-29.662614306756325,0.3901214802183677
2003-09-16,0.005971558443264,0.0,EUR,-1.228319849405767,2003,-10.851751355128188,-29.662614306756325,-0.17713203491279425
2003-10-28,-0.0391110184725099,0.0,EUR,-0.6225767412130906,2003,-10.851751355128188,-29.662614306756325,1.160135056094483
2003-12-09,0.0221387824187949,0.0,EUR,0.0981755785310028,2003,-10.851751355128188,-29.662614306756325,-0.656694164109911
2004-01-28,0.0833938107012925,0.0,EUR,-0.1820845216693446,2004,-11.433246023075732,-30.244108974703867,-2.5221714986657155
2004-03-16,-0.0247975114294568,0.0103333333333238,EUR,0.2202913631041829,2004,-11.433246023075732,-30.244108974703867,0.7499786379739561
2004-05-04,0.0088940327664341,-0.011481481481471,EUR,1.1577191731691054,2004,-11.433246023075732,-30.244108974703867,-0.2689920962126198
2004-06-30,-0.0102482345756715,-0.0099999999999909,EUR,0.4526197909416852,2004,-11.433246023075732,-30.244108974703867,0.3099487233049369
2004-08-10,0.0304191917501907,0.0147619047619122,EUR,0.3663455068048428,2004,-11.433246023075732,-30.244108974703867,-0.9200013502151804
2004-09-21,-0.0026558898886302,0.0,EUR,0.7529909534788218,2004,-11.433246023075732,-30.244108974703867,0.08032502321654589
2004-11-10,-0.0103477802622292,0.0,EUR,-0.0386772389273313,2004,-11.433246023075732,-30.244108974703867,0.31295939389714966
2004-12-14,-0.0016196409545244,0.0,EUR,-0.2181354056131128,2004,-11.433246023075732,-30.244108974703867,0.04898459752852934
2005-02-02,0.0024149323253281,-0.0053846153846104,EUR,-0.0153657037794566,2005,-13.341854998645516,-32.152717950273654,-0.07764663792527289
2005-03-22,0.0446555386805955,0.0,EUR,0.3412325585961213,2005,-13.341854998645516,-32.152717950273654,-1.4357969401147224
2005-05-03,0.0197608024591601,0.0,EUR,0.2485824320530571,2005,-13.341854998645516,-32.152717950273654,-0.6353635079404487
2005-06-30,0.0308555789795998,-0.0025000000000119,EUR,-0.0247944131192851,2005,-13.341854998645516,-32.152717950273654,-0.9920907281234649
2005-08-09,-0.004972125919385,-0.007045454545448,EUR,-0.1133236320079643,2005,-13.341854998645516,-32.152717950273654,0.159867362299231
2005-09-20,0.0268847743224489,0.0450000000000015,EUR,0.1972873636207083,2005,-13.341854998645516,-32.152717950273654,-0.864418565946459
2005-11-01,0.0125495322925041,-0.0051724137931133,EUR,0.0250072939243387,2005,-13.341854998645516,-32.152717950273654,-0.40350157220873545
2005-12-13,-0.009928467202524,-0.0086111111111276,EUR,-0.359908319031917,2005,-13.341854998645516,-32.152717950273654,0.31922720564129664
2006-01-31,0.0251938571475752,0.0099999999999909,EUR,0.552601513442096,2006,-11.821022543141698,-30.631885494769833,-0.771735347316112
2006-03-28,0.0360945094088016,0.0049999999999954,EUR,0.5229746697277153,2006,-11.821022543141698,-30.631885494769833,-1.105642879200303
2006-05-10,0.0368911752143715,0.0,EUR,0.4071093072870703,2006,-11.821022543141698,-30.631885494769833,-1.1300462549341186
2006-06-29,-0.0242857417897403,-0.0150000000000005,EUR,0.0159578712538391,2006,-11.821022543141698,-30.631885494769833,0.7439180616588714
2006-08-08,-0.0129906958878952,-0.0471739130434928,EUR,-0.2178480593906384,2006,-11.821022543141698,-30.631885494769833,0.3979295089353831
2006-09-20,0.0150310820727831,0.0,EUR,0.141821643688997,2006,-11.821022543141698,-30.631885494769833,-0.46043038491597954
2006-10-25,0.0007263979157513,-0.0049999999999954,EUR,0.206710202400813,2006,-11.821022543141698,-30.631885494769833,-0.022250937778933288
2006-12-12,-0.0103973231270163,0.0,EUR,0.0755972216226463,2006,-11.821022543141698,-30.631885494769833,0.31848961147888555
2007-01-31,0.0014143171230512,-0.0049999999999954,EUR,0.3390878711431792,2007,-12.480221298273754,-31.29108424990189,-0.04425551625347396
2007-03-21,-0.0417216424647526,0.0,EUR,0.1052789990456776,2007,-12.480221298273754,-31.29108424990189,1.305515429408858
2007-05-09,0.0295434024263583,0.007045454545448,EUR,0.125549294583209,2007,-12.480221298273754,-31.29108424990189,-0.9244450943519334
2007-06-28,0.0136373343855182,0.0,EUR,0.2453624042213139,2007,-12.480221298273754,-31.29108424990189,-0.426726979201334
2007-08-07,-0.0062992313776068,0.0064583333333457,EUR,-0.3050554370321105,2007,-12.480221298273754,-31.29108424990189,0.1971097797463199
2007-08-10,0.0039472379436131,0.0147619047618913,EUR,-0.1095410340665668,2007,-12.480221298273754,-31.29108424990189,-0.12351335504800699
2007-08-17,-0.0029669647555415,-0.0221428571428684,EUR,0.6692967648424638,2007,-12.480221298273754,-31.29108424990189,0.09283954413213864
2007-09-18,-0.1144828105894901,-0.2125000000000198,EUR,0.0649139912440987,2007,-12.480221298273754,-31.29108424990189,3.582291271321295
2007-10-31,0.0422841905987063,-0.019999999999996,EUR,0.3045828188835403,2007,-12.480221298273754,-31.29108424990189,-1.3231181704630282
2007-12-11,0.02829942572256,0.0310000000000158,EUR,-0.0815882558176683,2007,-12.480221298273754,-31.29108424990189,-0.8855197145084657
2008-01-30,-0.0674737352269174,-0.1099999999999994,EUR,0.1015262871058213,2008,-14.105337497347126,-32.91620044897526,2.2209789937702964
2008-03-11,0.0596933766501375,0.0852499999999885,EUR,-0.2606034441204676,2008,-14.105337497347126,-32.91620044897526,-1.9648791512921053
2008-03-18,0.0358692911861361,0.1073076923076964,EUR,0.1204475723290164,2008,-14.105337497347126,-32.91620044897526,-1.1806807786455173
2008-04-30,-0.0405592744455346,-0.0600000000000022,EUR,-0.2309766200760846,2008,-14.105337497347126,-32.91620044897526,1.3350572077142169
2008-06-25,-0.0230711842002055,-0.0100000000000051,EUR,-0.1347838848507524,2008,-14.105337497347126,-32.91620044897526,0.7594157237291952
2008-08-05,-0.0114499186596415,-0.0059615384615499,EUR,-0.6508383962486726,2008,-14.105337497347126,-32.91620044897526,0.37688781772522173
2008-09-16,0.0789327169296685,0.1124999999999889,EUR,-0.141193104995304,2008,-14.105337497347126,-32.91620044897526,-2.5981651324391914
2008-10-08,-0.0178137266591618,-0.1314130434782562,EUR,0.2268653320346083,2008,-14.105337497347126,-32.91620044897526,0.5863601974562243
2008-10-29,-0.0364570970280909,-0.0500000000000113,EUR,2.9614830579447213,2008,-14.105337497347126,-32.91620044897526,1.2000291135643804
2008-12-16,-0.1484460483994251,-0.1498333333333439,EUR,1.0628330374986668,2008,-14.105337497347126,-32.91620044897526,4.88627988497376
2009-01-28,1.726730850573139e-05,0.0049999999999954,EUR,0.6438684516996265,2009,-22.383823338794816,-41.19468629042295,-0.0007113213569735565
2009-03-18,-0.0223012381406051,0.0,EUR,1.0582109330536973,2009,-22.383823338794816,-41.19468629042295,0.9186925090902424
2009-04-29,0.0142231259046974,0.0,EUR,1.9936229736049065,2009,-22.383823338794816,-41.19468629042295,-0.5859172097131975
2009-06-24,0.0286829965218453,0.0,EUR,-0.1426025197094273,2009,-22.383823338794816,-41.19468629042295,-1.1815870435867097
2009-08-12,-0.0068523782491418,0.0,EUR,0.5219365777323735,2009,-22.383823338794816,-41.19468629042295,0.28228157231671414
2009-09-23,-0.0470684800287334,-0.0099999999999909,EUR,-0.2910619037934797,2009,-22.383823338794816,-41.19468629042295,1.9389712689507101
2009-11-04,-0.00818519581219,-0.0057692307692418,EUR,1.2070398123685968,2009,-22.383823338794816,-41.19468629042295,0.33718657370885075
2009-12-16,0.0047189015977683,-0.0258333333333391,EUR,0.4331243235930302,2009,-22.383823338794816,-41.19468629042295,-0.19439367095544074
2010-01-27,0.0226497591448366,-0.0050000000000096,EUR,-0.0711338769502653,2010,-23.074022766124028,-41.88488571775216,-0.948682573316093
2010-03-16,-0.0171565109496542,-0.0103333333333238,EUR,0.7734442059361731,2010,-23.074022766124028,-41.88488571775216,0.7185985004416298
2010-04-28,-0.0003822216180214,0.0,EUR,-0.7587289812159606,2010,-23.074022766124028,-41.88488571775216,0.016009308789680658
2010-06-23,0.0068538514109983,0.0050000000000096,EUR,0.0568805118330344,2010,-23.074022766124028,-41.88488571775216,-0.2870727830761182
2010-08-10,-0.0078555016939911,0.0036904761904937,EUR,-1.1087598397944594,2010,-23.074022766124028,-41.88488571775216,0.3290267907084257
2010-09-21,0.0016542459066742,0.0,EUR,0.4731027519534701,2010,-23.074022766124028,-41.88488571775216,-0.06928790075010818
2010-11-03,0.0084042541215947,0.0083333333333256,EUR,-0.08559201663764,2010,-23.074022766124028,-41.88488571775216,-0.3520112234259416
2010-12-14,0.0068727939550825,0.0045588235294075,EUR,0.0448028681329444,2010,-23.074022766124028,-41.88488571775216,-0.2878661893702884
2011-01-26,0.0001406063965718,-0.0049999999999954,EUR,0.3219672033493044,2011,-20.9664241648032,-39.77728711643134,-0.005592941006843296
2011-03-15,0.0089312427035794,-0.0048437499999955,EUR,-0.0501019943916464,2011,-20.9664241648032,-39.77728711643134,-0.35526060532681025
2011-04-27,-0.0051213064027277,0.0,EUR,0.2322088189973879,2011,-20.9664241648032,-39.77728711643134,0.20371167519251787
2011-06-22,0.0081492260258507,0.0,EUR,0.0277758490779474,2011,-20.9664241648032,-39.77728711643134,-0.32415410340695805
2011-08-09,-0.0108965483739286,-0.007045454545468,EUR,0.0070217322642445,2011,-20.9664241648032,-39.77728711643134,0.433435133247841
2011-09-21,0.0499586161372513,0.0083333333333256,EUR,0.1969294243519246,2011,-20.9664241648032,-39.77728711643134,-1.9872182180310247
2011-11-02,0.0095940375571741,0.0,EUR,0.9243488064386548,2011,-20.9664241648032,-39.77728711643134,-0.3816247865175397
2011-12-13,0.0099287089010361,0.0043055555555515,EUR,-0.7153215190585149,2011,-20.9664241648032,-39.77728711643134,-0.3949371046519804
2012-01-25,-0.0038676267929878,-0.0050000000000096,EUR,-0.2001386242682141,2012,-22.941299936173476,-41.75216288780161,0.16148178385005238
2012-03-13,0.0129494151782184,0.0,EUR,-0.2438096445828917,2012,-22.941299936173476,-41.75216288780161,-0.5406660918227452
2012-04-25,0.0036097490215746,0.0,EUR,0.0227126472566546,2012,-22.941299936173476,-41.75216288780161,-0.15071482913286519
2012-06-20,0.0168084765825005,0.0075000000000356,EUR,0.0866312320374441,2012,-22.941299936173476,-41.75216288780161,-0.7017902521683598
2012-08-01,0.0157612626509574,0.0155000000000005,EUR,-0.1300073312227898,2012,-22.941299936173476,-41.75216288780161,-0.6580668055201973
2012-09-13,0.0176606763212717,0.0088235294117565,EUR,0.1395024639164427,2012,-22.941299936173476,-41.75216288780161,-0.737371434474477
2012-10-24,0.0044416494851734,0.0,EUR,-0.1929236235217489,2012,-22.941299936173476,-41.75216288780161,-0.18544847279547996
2012-12-12,0.004519987343823,0.0040789473684173,EUR,0.3534387083025658,2012,-22.941299936173476,-41.75216288780161,-0.18871924783009963
2013-01-30,0.0038080451107533,0.0050000000000096,EUR,0.5915426891577942,2013,-21.543025326335208,-40.35388827796334,-0.1536694269567832
2013-03-20,0.0085203327254647,0.0,EUR,0.4799142270873531,2013,-21.543025326335208,-40.35388827796334,-0.34382855489447745
2013-05-01,0.0047427845607502,0.0,EUR,0.1820941322583774,2013,-21.543025326335208,-40.35388827796334,-0.191389798290963
2013-06-19,0.0090085083826874,0.0,EUR,-0.0223788744359941,2013,-21.543025326335208,-40.35388827796334,-0.36352834082606356
2013-07-31,0.0042259661583059,0.0,EUR,0.1205364015157722,2013,-21.543025326335208,-40.35388827796334,-0.17053416621873024
2013-09-18,-0.0035151722454645,0.0,EUR,-0.0449303587010563,2013,-21.543025326335208,-40.35388827796334,0.14185086807127195
2013-10-30,0.0075123706626131,0.0,EUR,0.0072619004425338,2013,-21.543025326335208,-40.35388827796334,-0.30315336642173846
2013-12-18,0.0058421408391694,0.0,EUR,0.130842498858504,2013,-21.543025326335208,-40.35388827796334,-0.23575309872796896
2014-01-29,0.0070645253769001,0.0,EUR,0.007319304669326,2014,-27.056334020305446,-45.86719697193358,-0.3240299769755002
2014-03-19,0.0148599812679333,0.0,EUR,-0.0215648924388059,2014,-27.056334020305446,-45.86719697193358,-0.68158568781554
2014-04-30,0.0068244514553151,0.0,EUR,0.4480099985668212,2014,-27.056334020305446,-45.86719697193358,-0.31301845912633647
2014-06-18,0.0109188121277117,0.0,EUR,0.1770564829937173,2014,-27.056334020305446,-45.86719697193358,-0.5008153065612898
2014-07-30,0.0021622085364156,0.0,EUR,-0.2389130597370768,2014,-27.056334020305446,-45.86719697193358,-0.09917444483417055
2014-09-17,0.0150134351447968,0.0,EUR,-0.1388139345291703,2014,-27.056334020305446,-45.86719697193358,-0.688624187011745
2014-10-29,0.0176404592139643,0.0,EUR,0.1176055645371042,2014,-27.056334020305446,-45.86719697193358,-0.8091184174422611
2014-12-17,-0.0259095047790474,-0.0055357142857406,EUR,-0.7868366568249833,2014,-27.056334020305446,-45.86719697193358,1.1883963591458215
2015-01-28,0.0021442992637392,0.0,EUR,-0.2465658170608319,2015,-25.093080097121355,-43.90394304874949,-0.09414319275468129
2015-03-18,-0.0347104680105268,-0.0119230769230998,EUR,0.3576811042261537,2015,-25.093080097121355,-43.90394304874949,1.5239264107296098
2015-04-29,0.0048207585881479,-0.0049999999999954,EUR,1.7605293784361522,2015,-25.093080097121355,-43.90394304874949,-0.2116503105058154
2015-06-17,-0.0180357370783715,-0.0115384615384836,EUR,0.0533760354279185,2015,-25.093080097121355,-43.90394304874949,0.7918399735310419
2015-07-29,0.0007774617598076,-0.0049999999999954,EUR,-0.2626694141917665,2015,-25.093080097121355,-43.90394304874949,-0.034133636825173425
2015-09-17,-0.0353233026490292,-0.0576923076923206,EUR,0.0707463771990594,2015,-25.093080097121355,-43.90394304874949,1.55083226779672
2015-10-28,0.0278863450059916,-0.0050000000000096,EUR,0.1265937414747931,2015,-25.093080097121355,-43.90394304874949,-1.2243205029808348
2015-12-16,0.0190186421992981,0.0206666666666772,EUR,0.238008168012695,2015,-25.093080097121355,-43.90394304874949,-0.8349933839825275
2016-01-27,-0.0100129752298742,-0.0050000000000096,EUR,0.1934325661845672,2016,-25.08561813107832,-43.89648108270646,0.43953437775978116
2016-03-16,-0.0447174101107624,-0.015500000000015,EUR,-0.3335289520843381,2016,-25.08561813107832,-43.89648108270646,1.9629369469947082
2016-04-27,0.0130580771678584,-0.0050000000000096,EUR,0.0353356894136223,2016,-25.08561813107832,-43.89648108270646,-0.5732036373754174
2016-06-15,-0.0196647300337884,0.0,EUR,0.2940523393037198,2016,-25.08561813107832,-43.89648108270646,0.8632124499247221
2016-07-27,0.0083998625015665,-0.0100000000000051,EUR,0.0364099767357486,2016,-25.08561813107832,-43.89648108270646,-0.3687244053973492
2016-09-21,-0.0140997003846475,-0.0416666666666286,EUR,-0.062676279080911,2016,-25.08561813107832,-43.89648108270646,0.6189272312065079
2016-11-02,0.0084836442153226,-0.0053571428571379,EUR,0.694917285925929,2016,-25.08561813107832,-43.89648108270646,-0.3724021278103206
2016-12-14,0.0278630701095855,0.0,EUR,0.1972665145832997,2016,-25.08561813107832,-43.89648108270646,-1.2230907299715437
2017-02-01,-0.0073924725151894,-0.0051851851851804,EUR,-0.3340760345400206,2017,-20.438354988631506,-39.24921794025964,0.29014876486604807
2017-03-15,-0.0198771072916542,0.0,EUR,-0.1410105991586389,2017,-20.438354988631506,-39.24921794025964,0.7801609161120597
2017-05-03,0.0141789980585717,-0.0027678571428545,EUR,0.091617047177964,2017,-20.438354988631506,-39.24921794025964,-0.556514584975399
2017-06-14,0.0182385502184227,0.0187500000000095,EUR,0.73873327809827,2017,-20.438354988631506,-39.24921794025964,-0.7158488324372426
2017-07-26,-0.0017682016992021,-0.0049999999999954,EUR,-0.2061148101740096,2017,-20.438354988631506,-39.24921794025964,0.06940053385432064
2017-09-20,0.0282090026474706,0.0,EUR,0.1501376543598094,2017,-20.438354988631506,-39.24921794025964,-1.1071812927879348
2017-11-01,0.0076398115377119,-0.0025862068965493,EUR,-0.2578871883989389,2017,-20.438354988631506,-39.24921794025964,-0.2998566280661645
2017-12-13,0.0037590706788576,0.0043055555555515,EUR,0.3150681705421022,2017,-20.438354988631506,-39.24921794025964,-0.1475405843273217
2018-01-31,0.0094577773659963,-0.0074999999999931,EUR,0.3062295889749875,2018,-19.747740083800405,-38.55860303542854,-0.3646786830529123
2018-03-21,0.0030673490276887,0.0,EUR,-0.0244508742405817,2018,-19.747740083800405,-38.55860303542854,-0.11827269352975628
2018-05-02,0.0021041905253442,-0.0026724137931009,EUR,-0.267022855587867,2018,-19.747740083800405,-38.55860303542854,-0.08113464717765685
2018-06-13,0.0150453617748988,-0.0044117647059033,EUR,-0.067865628665169,2018,-19.747740083800405,-38.55860303542854,-0.5801281322027334
2018-08-01,0.0038436923715133,-0.0025833333333309,EUR,-0.3422902537583337,2018,-19.747740083800405,-38.55860303542854,-0.14820740834348625
2018-09-26,0.0062027488421337,0.0100000000000051,EUR,-0.1020061292122294,2018,-19.747740083800405,-38.55860303542854,-0.23916933033229734
2018-11-08,0.0088093356493354,0.0068181818181755,EUR,-0.375956726977589,2018,-19.747740083800405,-38.55860303542854,-0.33967567630857276
2018-12-19,0.0203843252731822,0.0258333333333465,EUR,0.5090856250729714,2018,-19.747740083800405,-38.55860303542854,-0.7859911063536859
2019-01-30,-0.0068702875218163,0.0,EUR,-0.0525348055161217,2019,-15.621545460403832,-34.43240841203197,0.23656054585926584
2019-03-20,-0.0114304027526008,0.0,EUR,0.0528680953366042,2019,-15.621545460403832,-34.43240841203197,0.3935762958915652
2019-05-01,-0.0168063463862905,-0.0258333333333391,EUR,0.4009449840407564,2019,-15.621545460403832,-34.43240841203197,0.578682982686832
2019-06-19,-0.0347554236608728,0.0545454545454436,EUR,0.1606426048273799,2019,-15.621545460403832,-34.43240841203197,1.1967129420243716
2019-07-31,0.0337184701884011,0.0375000000000085,EUR,-0.1615944332248407,2019,-15.621545460403832,-34.43240841203197,-1.1610081365559513
2019-09-18,0.0268265530608181,0.0343750000000042,EUR,-0.0180799132656674,2019,-15.621545460403832,-34.43240841203197,-0.923702831277135
2019-10-04,0.0089571821939382,0.0,EUR,-0.1547917449979668,2019,-15.621545460403832,-34.43240841203197,-0.30841735552266064
2019-10-30,0.0163512469508232,-0.0099999999999909,EUR,0.0539568358414459,2019,-15.621545460403832,-34.43240841203197,-0.5630128130567369
2019-12-11,0.0041059291975144,0.0,EUR,0.0180326391255889,2019,-15.621545460403832,-34.43240841203197,-0.1413770310397025
2020-01-29,0.0101436556376702,0.0100000000000051,EUR,-0.0363438128659734,2020,-13.078749662355488,-31.889612613983623,-0.32347724877495365
2020-03-03,-0.1002935803411909,-0.2601785714285708,EUR,0.0984824825556745,2020,-13.078749662355488,-31.889612613983623,3.198323424750021
2020-03-19,-0.0063512895718225,0.0129166666666547,EUR,-1.244675180696078,2020,-13.078749662355488,-31.889612613983623,0.20254016404465344
2020-03-23,-0.012152390350357,-0.009687499999991,EUR,0.727547281605975,2020,-13.078749662355488,-31.889612613983623,0.3875350206067974
2020-03-31,0.0032152962607291,-0.0024999999999977,EUR,-0.0181537624171042,2020,-13.078749662355488,-31.889612613983623,-0.10253455219384108
2020-04-29,-0.0036141284589083,-0.0300000000000011,EUR,0.1567615241029292,2020,-13.078749662355488,-31.889612613983623,0.11525315649175932
2020-06-10,0.0041059291975123,0.0,EUR,0.0616658610916881,2020,-13.078749662355488,-31.889612613983623,-0.1309364915291119
2020-07-29,0.0033490368734794,0.0,EUR,0.3148536830698659,2020,-13.078749662355488,-31.889612613983623,-0.10679948852520495
2020-08-27,0.0054307037680482,0.0,EUR,0.0930744239462949,2020,-13.078749662355488,-31.889612613983623,-0.17318303938435828
2020-09-16,0.0043995649398471,0.0,EUR,-0.0929014888826219,2020,-13.078749662355488,-31.889612613983623,-0.14030042160178818
2020-11-05,0.0066301076792566,0.0029999999999972,EUR,0.6712289953760388,2020,-13.078749662355488,-31.889612613983623,-0.21143156548049097
2020-12-16,0.0063510416473751,-0.0051666666666619,EUR,0.139727964212278,2020,-13.078749662355488,-31.889612613983623,-0.2025322578300683
2021-01-27,0.0094840404266222,0.0,EUR,-0.3794131902218267,2021,-10.20580052557927,-29.016663477207405,-0.27519520946352694
2021-03-17,0.0006266370091781,-0.0110714285714498,EUR,0.0840336183904958,2021,-10.20580052557927,-29.016663477207405,-0.018182915217684656
2021-04-28,0.0026713600197029,-0.0100000000000051,EUR,0.1571742061581182,2021,-10.20580052557927,-29.016663477207405,-0.0775139547181852
2021-06-16,0.0199673065124721,0.0267857142857202,EUR,-0.0082511654818038,2021,-10.20580052557927,-29.016663477207405,-0.5793846136186548
2021-07-28,0.0068244514553151,0.0,EUR,-0.1861252652381209,2021,-10.20580052557927,-29.016663477207405,-0.1980228112954166
2021-09-22,0.0076324076234047,0.0,EUR,0.1278609047739002,2021,-10.20580052557927,-29.016663477207405,-0.22146700352920654
2021-11-03,0.0063698624910797,0.0027777777777752,EUR,0.0259011441120082,2021,-10.20580052557927,-29.016663477207405,-0.1848321562997457
2021-12-15,0.0238408887927261,0.0,EUR,-0.0532670467140484,2021,-10.20580052557927,-29.016663477207405,-0.6917830470960588
2022-01-26,0.0012942801622569,-0.0050000000000096,EUR,-0.0354578498529523,2022,-4.2860445240731435,-23.09690747570128,-0.02989386915528326
2022-03-16,0.0602717645156901,-0.0206666666666772,EUR,0.2002731666215655,2022,-4.2860445240731435,-23.09690747570128,-1.3920913684161498
2022-05-04,-0.0156146659816477,-0.0172222222222228,EUR,0.066442031773687,2022,-4.2860445240731435,-23.09690747570128,0.3606504954420972
2022-06-15,0.0498852378507765,0.0449999999999874,EUR,-0.2691791665711575,2022,-4.2860445240731435,-23.09690747570128,-1.152194723042736
2022-07-27,0.0026549658267917,-0.0150000000000005,EUR,-0.079113928177101,2022,-4.2860445240731435,-23.09690747570128,-0.06132150005255664
2022-09-21,0.054655695433522,-0.024999999999977,EUR,-1.147240116223678,2022,-4.2860445240731435,-23.09690747570128,-1.2623775404481665
2022-11-02,-0.0351361076874267,-0.0053571428571379,EUR,0.0405145351434722,2022,-4.2860445240731435,-23.09690747570128,0.8115354283127709
2022-12-14,0.0559791242146778,-0.0022794117647036,EUR,0.2349073196723851,2022,-4.2860445240731435,-23.09690747570128,-1.2929446525572021
2023-02-01,0.014032377742109,-0.0077777777777706,EUR,0.5419071814872974,2023,-1.819248208660587,-20.63011116028872,-0.28948951266286993
2023-03-22,-0.0189041792985785,0.0258333333333095,EUR,0.2133482558710912,2023,-1.819248208660587,-20.63011116028872,0.38999532032370327
2023-05-03,0.0138713034564892,0.0138392857142888,EUR,0.4717417802240585,2023,-1.819248208660587,-20.63011116028872,-0.28616653224546934
2023-06-14,0.0533654635353005,-0.0187500000000095,EUR,0.6189110329308789,2023,-1.819248208660587,-20.63011116028872,-1.1009354448535835
2023-07-26,0.0122077356629631,0.0,EUR,0.2530731647150253,2023,-1.819248208660587,-20.63011116028872,-0.25184694374234967
2023-09-20,0.0459762111587796,0.0,EUR,0.2897333677825658,2023,-1.819248208660587,-20.63011116028872,-0.9484943469345297
2023-11-01,-0.0022707679661664,-0.0025862068965493,EUR,-0.2842795432929975,2023,-1.819248208660587,-20.63011116028872,0.046846195561235565
2023-12-13,-0.0455356220279847,-0.0043055555555515,EUR,0.027799657316586,2023,-1.819248208660587,-20.63011116028872,0.9394049441902161
2024-01-31,0.0189798297838987,0.0012499999999988,EUR,0.1013871693835972,2024,-0.5187125542997442,-19.329575505927878,-0.3668720528975287
2024-03-20,-0.0078672537674286,0.0,EUR,-0.0276306702195568,2024,-0.5187125542997442,-19.329575505927878,0.15207067572180666
2024-05-01,0.0045443938399247,0.0,EUR,-0.0374461715665633,2024,-0.5187125542997442,-19.329575505927878,-0.08784120385749801
2024-06-12,0.0182455221618397,0.0,EUR,1.0196602990657708,2024,-0.5187125542997442,-19.329575505927878,-0.35267819827236097
2024-07-31,0.0166624695624229,0.0,EUR,0.1294378878943466,2024,-0.5187125542997442,-19.329575505927878,-0.3220784635220785
2024-09-18,-0.0714310356297788,-0.1187499999999985,EUR,-0.0179904651020307,2024,-0.5187125542997442,-19.329575505927878,1.3807315966724338
2024-11-07,0.0144816547036135,0.0,EUR,0.5575186342077026,2024,-0.5187125542997442,-19.329575505927878,-0.27992423804427274
2024-12-18,0.0543358251058351,-0.0059615384615668,EUR,-0.3528013194551894,2024,-0.5187125542997442,-19.329575505927878,-1.0502884340601313
2025-01-29,0.0179627680688357,0.0049999999999954,EUR,-0.105551034124254,2025,6.461847165379932,-12.349015786248202,-0.2218225064467672
2025-03-19,-0.0153788683487746,0.0,EUR,-0.4586322476895371,2025,6.461847165379932,-12.349015786248202,0.18991388801365036
2025-05-07,-0.0072564712605612,0.0,EUR,0.0264398714799834,2025,6.461847165379932,-12.349015786248202,0.08961027814912664
2025-06-18,-0.0078696651967995,0.0062499999999943,EUR,-0.121443456980064,2025,6.461847165379932,-12.349015786248202,0.09718261974776508
2025-07-30,0.0011993830099653,0.0024999999999977,EUR,-0.5564264051941423,2025,6.461847165379932,-12.349015786248202,-0.014811199723819373
2025-09-17,-0.0230503105126839,0.011538461538451,EUR,-0.0253239354748886,2025,6.461847165379932,-12.349015786248202,0.28464864839905635
2025-10-29,0.0112417470727232,0.0249999999999914,EUR,0.0428761315148073,2025,6.461847165379932,-12.349015786248202,-0.13882451206606833
2025-12-10,-0.0015137379791926,-0.0036904761904938,EUR,0.0944652051870285,2025,6.461847165379932,-12.349015786248202,0.01869317420129287
1994-02-04,0.0744275381675239,0.1633333333333334,GBP,-0.9421334828390616,1994,3.2054719306025077,-15.605391021025627,-1.1614708358365196
1994-03-22,-0.0258252584761284,0.0,GBP,0.1817998682726731,1994,3.2054719306025077,-15.605391021025627,0.4030132567390401
1994-04-18,0.0591938759929221,0.150025,GBP,-0.0271609969755722,1994,3.2054719306025077,-15.605391021025627,-0.9237435809196509
1994-05-17,-0.0190317471128777,0.1107142857142857,GBP,0.2658692160993401,1994,3.2054719306025077,-15.605391021025627,0.296997855509732
1994-07-06,0.0067695874961795,-0.0496,GBP,0.5821491214298513,1994,3.2054719306025077,-15.605391021025627,-0.10564205992892692
1994-08-16,0.0259658668252987,0.124,GBP,0.0324159619033442,1994,3.2054719306025077,-15.605391021025627,-0.40520750500866354
1994-09-27,-0.0104641166672954,-0.09,GBP,0.1903553874288698,1994,3.2054719306025077,-15.605391021025627,0.16329663228277624
1994-11-15,0.0313698031847126,0.12,GBP,-0.2522069432709939,1994,3.2054719306025077,-15.605391021025627,-0.48953804495005515
1994-12-20,-0.0177728645255933,-0.2254545454545455,GBP,-0.1409262932614059,1994,3.2054719306025077,-15.605391021025627,0.27735250048559856
1995-02-01,0.0500189942601368,0.0725925925925926,GBP,-0.0632511090031093,1995,2.2340803569128984,-16.576782594715237,-0.829153993456597
1995-03-28,0.0158901020849301,0.0,GBP,0.9047012260210492,1995,2.2340803569128984,-16.576782594715237,-0.2634067676697176
1995-05-23,0.0011983968621848,0.0,GBP,-0.5730674708985074,1995,2.2340803569128984,-16.576782594715237,-0.019865564246626347
1995-07-06,-0.1345291155205644,-0.0868,GBP,0.2191953280951314,1995,2.2340803569128984,-16.576782594715237,2.2300599006437274
1995-08-22,0.0308076638047787,0.0344444444444444,GBP,-0.3250978155845654,1995,2.2340803569128984,-16.576782594715237,-0.5106919451428942
1995-09-26,0.041687990606095,0.02,GBP,-0.0445533533767772,1995,2.2340803569128984,-16.576782594715237,-0.6910527570877679
1995-11-15,0.0145515593635155,0.06,GBP,-0.160333528014056,1995,2.2340803569128984,-16.576782594715237,-0.24121803598308925
1995-12-19,-0.0303627968401148,-0.0775,GBP,0.1947420284395677,1995,2.2340803569128984,-16.576782594715237,0.5033174821860898
1996-01-31,-0.0137158500126284,-0.0300000000000011,GBP,0.3915977526066173,1996,-2.285508716495935,-21.09637166812407,0.289354669610653
1996-03-26,0.0173036122147537,0.019999999999996,GBP,0.0656383351429734,1996,-2.285508716495935,-21.09637166812407,-0.3650434344835356
1996-05-21,0.0160890644403414,0.0154999999999857,GBP,-0.0991899568843005,1996,-2.285508716495935,-21.09637166812407,-0.33942088322584074
1996-07-03,-0.0074615753342424,-0.0608928571428646,GBP,0.0256657043436545,1996,-2.285508716495935,-21.09637166812407,0.15741216648088477
1996-08-20,0.0059763798586063,-0.0281818181818325,GBP,0.1875991105545592,1996,-2.285508716495935,-21.09637166812407,-0.1260799307270493
1996-09-24,-0.0616367818415713,-0.129999999999995,GBP,0.0770514998952981,1996,-2.285508716495935,-21.09637166812407,1.300312458156869
1996-11-13,-0.0020190345253906,0.0,GBP,0.484555763352289,1996,-2.285508716495935,-21.09637166812407,0.04259430275841458
1996-12-17,0.0096665266618053,0.0,GBP,0.5878488525721106,1996,-2.285508716495935,-21.09637166812407,-0.20392863919727527
1997-02-05,0.0073334281837072,-0.0304347826087024,GBP,1.0617830748940802,1997,-6.688704803355733,-25.499567754983868,-0.18699924884675004
1997-03-25,0.0393558906734885,0.0499999999999971,GBP,0.0061837182717536,1997,-6.688704803355733,-25.499567754983868,-1.0035582007863577
1997-05-20,-0.0341225983579708,-0.0845454545454576,GBP,0.3534649301384873,1997,-6.688704803355733,-25.499567754983868,0.8701115088051777
1997-07-02,0.0043288097349413,-0.0213793103448233,GBP,0.5775494335851965,1997,-6.688704803355733,-25.499567754983868,-0.11038277713456944
1997-08-19,0.0102564248424448,0.0,GBP,-0.3299819325232853,1997,-6.688704803355733,-25.499567754983868,-0.2615344001938209
1997-09-30,0.0027623285176483,-0.0150000000000005,GBP,-0.1549955361599596,1997,-6.688704803355733,-25.499567754983868,-0.07043818319729699
1997-12-16,0.0093705409212869,0.0,GBP,-0.0428672041837804,1997,-6.688704803355733,-25.499567754983868,-0.23894474312320424
1998-02-04,0.018684862485998,0.0350000000000012,GBP,0.9514358351724916,1998,-6.255453508022316,-25.06631645965045,-0.4683606760790769
1998-03-31,0.0029104188782698,-0.0049999999999954,GBP,-0.0596302939553527,1998,-6.255453508022316,-25.06631645965045,-0.07295348063285169
1998-05-19,-0.0058758645830149,-0.0387500000000013,GBP,-0.0184803031295656,1998,-6.255453508022316,-25.06631645965045,0.14728628111190353
1998-07-01,-0.0170800803862638,-0.0051666666666666,GBP,-0.4743186821806647,1998,-6.255453508022316,-25.06631645965045,0.42813470011835714
1998-08-18,0.0151214113801669,0.0119230769230998,GBP,-0.0,1998,-6.255453508022316,-25.06631645965045,-0.3790380829718232
1998-09-29,0.0275930243523054,0.0549999999999926,GBP,0.1641843924584022,1998,-6.255453508022316,-25.06631645965045,-0.6916554804937286
1998-10-15,-0.1122924702372589,-0.1646875000000153,GBP,-0.1584367904703098,1998,-6.255453508022316,-25.06631645965045,2.814758595003011
1998-11-17,0.0087820155198661,-0.0692307692307717,GBP,0.1192961668471833,1998,-6.255453508022316,-25.06631645965045,-0.22013278017452534
1998-12-22,0.002601771407222,-0.0172222222222063,GBP,-0.1489203551467833,1998,-6.255453508022316,-25.06631645965045,-0.06521682544909674
1999-02-03,0.0102289071471053,0.0056000000000107,GBP,-0.3353150527861248,1999,-12.243468727011262,-31.054331678639397,-0.3176518752562131
1999-03-30,-0.009325201125341,0.0,GBP,-0.1550147574401771,1999,-12.243468727011262,-31.054331678639397,0.28958788871636076
1999-05-18,0.0697687615283003,0.0,GBP,0.0617360187530138,1999,-12.243468727011262,-31.054331678639397,-2.166622261307734
1999-06-30,-0.0552790317790168,-0.0449999999999874,GBP,-0.1014391768971487,1999,-12.243468727011262,-31.054331678639397,1.7166533877396355
1999-08-24,0.007594159331784,0.0375000000000085,GBP,-0.81194625066509,1999,-12.243468727011262,-31.054331678639397,-0.23583154270965487
1999-10-05,0.0370156262936671,-0.047692307692315,GBP,-0.1813785261459408,1999,-12.243468727011262,-31.054331678639397,-1.1494955362161037
1999-11-16,0.0662025322516916,0.0535714285714405,GBP,-0.4074834310272677,1999,-12.243468727011262,-31.054331678639397,-2.055875394509853
1999-12-21,0.0253247056639662,0.0154999999999857,GBP,0.4231756890740969,1999,-12.243468727011262,-31.054331678639397,-0.7864418093527241
2000-02-02,0.0029688750090123,-0.0537037037037006,GBP,-0.5588341150049734,2000,-14.943800894852199,-33.754663846480334,-0.10021337793142647
2000-03-21,0.0068786515124237,-0.0310000000000158,GBP,0.2483207796029484,2000,-14.943800894852199,-33.754663846480334,-0.23218656951894553
2000-05-16,0.0395344686208438,0.041333333333325,GBP,-0.4454350349380375,2000,-14.943800894852199,-33.754663846480334,-1.3344726986458075
2000-06-28,-0.0157440790026368,-0.019999999999996,GBP,0.7108011459377657,2000,-14.943800894852199,-33.754663846480334,0.5314360943064346
2000-08-22,0.0151885007450896,0.0172222222222063,GBP,-0.6936755431016235,2000,-14.943800894852199,-33.754663846480334,-0.5126827369825155
2000-10-03,0.0270379442984846,0.0,GBP,-0.7523975302762261,2000,-14.943800894852199,-33.754663846480334,-0.9126567208952072
2000-11-15,0.0087077276290527,0.0,GBP,-0.3431015514368269,2000,-14.943800894852199,-33.754663846480334,-0.29392641898538313
2000-12-19,0.0178112185884117,0.0516666666666563,GBP,-0.3891188307429252,2000,-14.943800894852199,-33.754663846480334,-0.601211696148019
2001-01-03,-0.1082948922109102,-0.3874999999999937,GBP,0.4530019071750011,2001,-7.610921973746419,-26.421784925374553,2.861344350513289
2001-01-31,0.009902018536813,0.0300000000000011,GBP,-0.0136855070694027,2001,-7.610921973746419,-26.421784925374553,-0.2616290041067451
2001-03-20,-0.0325439847016355,0.0563636363636251,GBP,0.3365826051127677,2001,-7.610921973746419,-26.421784925374553,0.8598701644012928
2001-04-18,-0.2644372616610349,-0.4625000000000055,GBP,-0.2102018711197177,2001,-7.610921973746419,-26.421784925374553,6.9869044538628575
2001-05-15,-0.083030443689485,-0.0968749999999943,GBP,0.4223573785221171,2001,-7.610921973746419,-26.421784925374553,2.1938125254219956
2001-06-27,0.0535505197786259,0.1050000000000039,GBP,0.2540221518358386,2001,-7.610921973746419,-26.421784925374553,-1.4149003162328695
2001-08-21,-0.0351414913650395,0.02635,GBP,0.1590980171653093,2001,-7.610921973746419,-26.421784925374553,0.9285009268039808
2001-09-17,-0.0431136324714348,-0.2134615384615738,GBP,-0.1158867166743507,2001,-7.610921973746419,-26.421784925374553,1.139139124511895
2001-10-02,-0.0321891117637858,-0.0374137931034445,GBP,-1.1359507246240623,2001,-7.610921973746419,-26.421784925374553,0.8504937879615923
2001-11-06,-0.0959269518636082,-0.1468750000000085,GBP,0.1440280074771906,2001,-7.610921973746419,-26.421784925374553,2.534561290687013
2001-12-11,-0.0348675156122902,-0.0077500000000148,GBP,0.1602396970869876,2001,-7.610921973746419,-26.421784925374553,0.9212619983900711
2002-01-30,0.02165034786024,0.0200000000000102,GBP,0.1979358768674905,2002,-6.6626192927957435,-25.473482244423877,-0.5515097518034242
2002-03-19,-0.0373964534956888,-0.0387500000000013,GBP,-0.3020831971578606,2002,-6.6626192927957435,-25.473482244423877,0.9526178941268518
2002-05-07,-0.013856029250814,0.0,GBP,-0.006814077887557,2002,-6.6626192927957435,-25.473482244423877,0.35296131509882833
2002-06-26,0.010187602799154,0.0,GBP,1.4429691724755171,2002,-6.6626192927957435,-25.473482244423877,-0.25951371901749243
2002-08-13,-0.050824427787682,0.0344444444444375,GBP,-0.0457113012824485,2002,-6.6626192927957435,-25.473482244423877,1.294675158832521
2002-09-24,-0.0002908117502467,0.019999999999996,GBP,-0.0642260779945394,2002,-6.6626192927957435,-25.473482244423877,0.007407987956379143
2002-11-06,-0.0577278947152216,-0.2031250000000106,GBP,-0.2242512552780151,2002,-6.6626192927957435,-25.473482244423877,1.4705305010361684
2002-12-10,0.0177830212466575,0.0,GBP,-0.5463105951774427,2002,-6.6626192927957435,-25.473482244423877,-0.45299547597894235
2003-01-29,0.0316433529565666,0.0050000000000096,GBP,0.3469583783093048,2003,0.7731530472476466,-18.03770990438049,-0.570773621032469
2003-03-18,0.0048725423419934,0.023846153846166,GBP,-0.3705364234352558,2003,0.7731530472476466,-18.03770990438049,-0.08788950526168765
2003-05-06,-0.0402968328970085,0.0309999999999893,GBP,0.4968954323187066,2003,0.7731530472476466,-18.03770990438049,0.7268625818615357
2003-06-25,0.0900951411777218,0.125,GBP,1.078048411566085,2003,0.7731530472476466,-18.03770990438049,-1.625110020357951
2003-08-12,-0.0131519587647913,0.0,GBP,-0.2492523723137785,2003,0.7731530472476466,-18.03770990438049,0.2372312168736798
2003-09-16,0.005971558443264,0.0,GBP,-0.9219545376068964,2003,0.7731530472476466,-18.03770990438049,-0.10771323887664999
2003-10-28,-0.0391110184725099,0.0,GBP,0.0235932524392628,2003,0.7731530472476466,-18.03770990438049,0.705473205272
2003-12-09,0.0221387824187949,0.0,GBP,0.5522968819776495,2003,0.7731530472476466,-18.03770990438049,-0.3993329349064214
2004-01-28,0.0833938107012925,0.0,GBP,0.5075460454729308,2004,-0.7205261950672126,-19.531389146695346,-1.6287969692327904
2004-03-16,-0.0247975114294568,0.0103333333333238,GBP,0.6205349847222851,2004,-0.7205261950672126,-19.531389146695346,0.48432984559834635
2004-05-04,0.0088940327664341,-0.011481481481471,GBP,1.0497752677687548,2004,-0.7205261950672126,-19.531389146695346,-0.17371281504468378
2004-06-30,-0.0102482345756715,-0.0099999999999909,GBP,0.1988072225386302,2004,-0.7205261950672126,-19.531389146695346,0.20016225756405834
2004-08-10,0.0304191917501907,0.0147619047619122,GBP,-0.0869801631352901,2004,-0.7205261950672126,-19.531389146695346,-0.5941290716009192
2004-09-21,-0.0026558898886302,0.0,GBP,0.3684479130497763,2004,-0.7205261950672126,-19.531389146695346,0.051873218945609804
2004-11-10,-0.0103477802622292,0.0,GBP,-0.6097415356648139,2004,-0.7205261950672126,-19.531389146695346,0.2021065231060917
2004-12-14,-0.0016196409545244,0.0,GBP,0.0207932630577271,2004,-0.7205261950672126,-19.531389146695346,0.031633837760741156
2005-02-02,0.0024149323253281,-0.0053846153846104,GBP,0.1807645768416888,2005,-7.772700624881722,-26.583563576509857,-0.06419750700332832
2005-03-22,0.0446555386805955,0.0,GBP,0.1211450992227013,2005,-7.772700624881722,-26.583563576509857,-1.1871033515589056
2005-05-03,0.0197608024591601,0.0,GBP,-0.2587870149535058,2005,-7.772700624881722,-26.583563576509857,-0.5253125484959348
2005-06-30,0.0308555789795998,-0.0025000000000119,GBP,-0.833106734698888,2005,-7.772700624881722,-26.583563576509857,-0.8202512454942124
2005-08-09,-0.004972125919385,-0.007045454545448,GBP,-0.1064217200729156,2005,-7.772700624881722,-26.583563576509857,0.1321768254883837
2005-09-20,0.0268847743224489,0.0450000000000015,GBP,0.0277108101643036,2005,-7.772700624881722,-26.583563576509857,-0.7146931074409401
2005-11-01,0.0125495322925041,-0.0051724137931133,GBP,-0.3340981051591694,2005,-7.772700624881722,-26.583563576509857,-0.3336112895532462
2005-12-13,-0.009928467202524,-0.0086111111111276,GBP,-0.3727343785620895,2005,-7.772700624881722,-26.583563576509857,0.2639340390955897
2006-01-31,0.0251938571475752,0.0099999999999909,GBP,0.743497848751809,2006,-7.790386818537376,-26.60124977016551,-0.6701880866565174
2006-03-28,0.0360945094088016,0.0049999999999954,GBP,0.1544313516517449,2006,-7.790386818537376,-26.60124977016551,-0.9601590601151204
2006-05-10,0.0368911752143715,0.0,GBP,0.0858369151416196,2006,-7.790386818537376,-26.60124977016551,-0.9813513661924353
2006-06-29,-0.0242857417897403,-0.0150000000000005,GBP,-0.2812476003947783,2006,-7.790386818537376,-26.60124977016551,0.646031083202628
2006-08-08,-0.0129906958878952,-0.0471739130434928,GBP,-0.1309620659165417,2006,-7.790386818537376,-26.60124977016551,0.3455687460021622
2006-09-20,0.0150310820727831,0.0,GBP,0.3499287808046676,2006,-7.790386818537376,-26.60124977016551,-0.39984556853396036
2006-10-25,0.0007263979157513,-0.0049999999999954,GBP,0.1439347744296045,2006,-7.790386818537376,-26.60124977016551,-0.019323092389427976
2006-12-12,-0.0103973231270163,0.0,GBP,0.5254175884638765,2006,-7.790386818537376,-26.60124977016551,0.27658178944287887
2007-01-31,0.0014143171230512,-0.0049999999999954,GBP,-0.0305903948546342,2007,-10.817497721152538,-29.628360672780673,-0.04190389782745048
2007-03-21,-0.0417216424647526,0.0,GBP,0.081682667396399,2007,-10.817497721152538,-29.628360672780673,1.236143870806492
2007-05-09,0.0295434024263583,0.007045454545448,GBP,0.306033099754627,2007,-10.817497721152538,-29.628360672780673,-0.8753225825892473
2007-06-28,0.0136373343855182,0.0,GBP,0.2850928482107319,2007,-10.817497721152538,-29.628360672780673,-0.404051861789447
2007-08-07,-0.0062992313776068,0.0064583333333457,GBP,-0.4494389587839267,2007,-10.817497721152538,-29.628360672780673,0.18663589921703133
2007-08-10,0.0039472379436131,0.0147619047618913,GBP,-0.2568536852983415,2007,-10.817497721152538,-29.628360672780673,-0.11695018945465403
2007-08-17,-0.0029669647555415,-0.0221428571428684,GBP,-0.0050432458341041,2007,-10.817497721152538,-29.628360672780673,0.0879063018806121
2007-09-18,-0.1144828105894901,-0.2125000000000198,GBP,0.2657109326582607,2007,-10.817497721152538,-29.628360672780673,3.3919380029790474
2007-10-31,0.0422841905987063,-0.019999999999996,GBP,0.5114853845550198,2007,-10.817497721152538,-29.628360672780673,-1.2528112498150719
2007-12-11,0.02829942572256,0.0310000000000158,GBP,-0.3427679391623812,2007,-10.817497721152538,-29.628360672780673,-0.8384655921405745
2008-01-30,-0.0674737352269174,-0.1099999999999994,GBP,0.115761142353247,2008,-12.002882630027216,-30.81374558165535,2.0791185107262087
2008-03-11,0.0596933766501375,0.0852499999999885,GBP,-0.6217842799732138,2008,-12.002882630027216,-30.81374558165535,-1.839376521007263
2008-03-18,0.0358692911861361,0.1073076923076964,GBP,1.034217651057509,2008,-12.002882630027216,-30.81374558165535,-1.1052672128039103
2008-04-30,-0.0405592744455346,-0.0600000000000022,GBP,0.505128113494891,2008,-12.002882630027216,-30.81374558165535,1.2497831637412387
2008-06-25,-0.0230711842002055,-0.0100000000000051,GBP,-0.1777597664553984,2008,-12.002882630027216,-30.81374558165535,0.7109096002126389
2008-08-05,-0.0114499186596415,-0.0059615384615499,GBP,-0.3781495640120433,2008,-12.002882630027216,-30.81374558165535,0.3528148805088414
2008-09-16,0.0789327169296685,0.1124999999999889,GBP,-0.4204159896211707,2008,-12.002882630027216,-30.81374558165535,-2.4322126575396252
2008-10-08,-0.0178137266591618,-0.1314130434782562,GBP,-1.6159884064342127,2008,-12.002882630027216,-30.81374558165535,0.5489076411365631
2008-10-29,-0.0364570970280909,-0.0500000000000113,GBP,4.434857620361342,2008,-12.002882630027216,-30.81374558165535,1.1233797124693163
2008-12-16,-0.1484460483994251,-0.1498333333333439,GBP,0.2745279193277303,2008,-12.002882630027216,-30.81374558165535,4.574178767981982
2009-01-28,1.726730850573139e-05,0.0049999999999954,GBP,1.187437103495628,2009,7.170612343732946,-11.640250607895188,-0.00020099579833055358
2009-03-18,-0.0223012381406051,0.0,GBP,-0.3143757947873949,2009,7.170612343732946,-11.640250607895188,0.2595920008229939
2009-04-29,0.0142231259046974,0.0,GBP,1.326144090660104,2009,7.170612343732946,-11.640250607895188,-0.1655607499583237
2009-06-24,0.0286829965218453,0.0,GBP,0.8650678375714803,2009,7.170612343732946,-11.640250607895188,-0.3338772676996653
2009-08-12,-0.0068523782491418,0.0,GBP,0.2239778169306969,2009,7.170612343732946,-11.640250607895188,0.0797634000801006
2009-09-23,-0.0470684800287334,-0.0099999999999909,GBP,0.1464129104889535,2009,7.170612343732946,-11.640250607895188,0.5478889032671665
2009-11-04,-0.00818519581219,-0.0057692307692418,GBP,1.14099678095304,2009,7.170612343732946,-11.640250607895188,0.0952777305285858
2009-12-16,0.0047189015977683,-0.0258333333333391,GBP,0.8281493823233671,2009,7.170612343732946,-11.640250607895188,-0.05492919719202003
2010-01-27,0.0226497591448366,-0.0050000000000096,GBP,0.5880003324615586,2010,-16.05121019249803,-34.862073144126164,-0.789617560004134
2010-03-16,-0.0171565109496542,-0.0103333333333238,GBP,0.9856206794298228,2010,-16.05121019249803,-34.862073144126164,0.5981115396248461
2010-04-28,-0.0003822216180214,0.0,GBP,-0.8211575128572275,2010,-16.05121019249803,-34.862073144126164,0.013325038004728297
2010-06-23,0.0068538514109983,0.0050000000000096,GBP,0.6845204904553063,2010,-16.05121019249803,-34.862073144126164,-0.23893946920919504
2010-08-10,-0.0078555016939911,0.0036904761904937,GBP,-1.0655502601741358,2010,-16.05121019249803,-34.862073144126164,0.2738590746397247
2010-09-21,0.0016542459066742,0.0,GBP,-0.0835609883106887,2010,-16.05121019249803,-34.862073144126164,-0.057670441796847265
2010-11-03,0.0084042541215947,0.0083333333333256,GBP,0.4362736742197071,2010,-16.05121019249803,-34.862073144126164,-0.2929897219088582
2010-12-14,0.0068727939550825,0.0045588235294075,GBP,-0.549295821897078,2010,-16.05121019249803,-34.862073144126164,-0.23959984556659428
2011-01-26,0.0001406063965718,-0.0049999999999954,GBP,0.4289686113714777,2011,-7.419064093380301,-26.229927045008438,-0.0036880955241398385
2011-03-15,0.0089312427035794,-0.0048437499999955,GBP,-0.725697090835252,2011,-7.419064093380301,-26.229927045008438,-0.2342658445361516
2011-04-27,-0.0051213064027277,0.0,GBP,0.3939996004605133,2011,-7.419064093380301,-26.229927045008438,0.1343314933186822
2011-06-22,0.0081492260258507,0.0,GBP,-0.6241716027863148,2011,-7.419064093380301,-26.229927045008438,-0.21375360413134792
2011-08-09,-0.0108965483739286,-0.007045454545468,GBP,-0.9831712475862768,2011,-7.419064093380301,-26.229927045008438,0.28581566889055254
2011-09-21,0.0499586161372513,0.0083333333333256,GBP,-0.6318430568397765,2011,-7.419064093380301,-26.229927045008438,-1.3104108565496828
2011-11-02,0.0095940375571741,0.0,GBP,0.1754386414893473,2011,-7.419064093380301,-26.229927045008438,-0.2516509051917476
2011-12-13,0.0099287089010361,0.0043055555555515,GBP,-0.4433742202979392,2011,-7.419064093380301,-26.229927045008438,-0.2604293101253028
2012-01-25,-0.0038676267929878,-0.0050000000000096,GBP,-0.1604364213859598,2012,-8.516085485421343,-27.326948437049477,0.10569043794572865
2012-03-13,0.0129494151782184,0.0,GBP,0.7719090351716082,2012,-8.516085485421343,-27.326948437049477,-0.3538680008651201
2012-04-25,0.0036097490215746,0.0,GBP,0.0681515468898743,2012,-8.516085485421343,-27.326948437049477,-0.09864342538325889
2012-06-20,0.0168084765825005,0.0075000000000356,GBP,0.1143510702079049,2012,-8.516085485421343,-27.326948437049477,-0.4593243728753447
2012-08-01,0.0157612626509574,0.0155000000000005,GBP,-0.5754123670123874,2012,-8.516085485421343,-27.326948437049477,-0.43070721176550664
2012-09-13,0.0176606763212717,0.0088235294117565,GBP,0.0868594172986604,2012,-8.516085485421343,-27.326948437049477,-0.4826123911948124
2012-10-24,0.0044416494851734,0.0,GBP,0.5196117741723721,2012,-8.516085485421343,-27.326948437049477,-0.12137672645678087
2012-12-12,0.004519987343823,0.0040789473684173,GBP,0.1799286975262576,2012,-8.516085485421343,-27.326948437049477,-0.12351746108076735
2013-01-30,0.0038080451107533,0.0050000000000096,GBP,0.2662948568319151,2013,-25.297495346566794,-44.10835829819493,-0.16796661816079594
2013-03-20,0.0085203327254647,0.0,GBP,0.0991702834904146,2013,-25.297495346566794,-44.10835829819493,-0.3758178886746327
2013-05-01,0.0047427845607502,0.0,GBP,0.2506669693159629,2013,-25.297495346566794,-44.10835829819493,-0.20919644073671687
2013-06-19,0.0090085083826874,0.0,GBP,0.2045905706920724,2013,-25.297495346566794,-44.10835829819493,-0.3973505154758683
2013-07-31,0.0042259661583059,0.0,GBP,-0.4404859033705059,2013,-25.297495346566794,-44.10835829819493,-0.18640042946660298
2013-09-18,-0.0035151722454645,0.0,GBP,0.4016825836485497,2013,-25.297495346566794,-44.10835829819493,0.1550484768828186
2013-10-30,0.0075123706626131,0.0,GBP,0.1182437826415081,2013,-25.297495346566794,-44.10835829819493,-0.3313583368553867
2013-12-18,0.0058421408391694,0.0,GBP,0.8210327353611664,2013,-25.297495346566794,-44.10835829819493,-0.25768724136260107
2014-01-29,0.0070645253769001,0.0,GBP,-0.1206927911881606,2014,-14.781895222417004,-33.59275817404514,-0.23731689260061015
2014-03-19,0.0148599812679333,0.0,GBP,0.3312956678926601,2014,-14.781895222417004,-33.59275817404514,-0.49918775720452396
2014-04-30,0.0068244514553151,0.0,GBP,0.3203609764120287,2014,-14.781895222417004,-33.59275817404514,-0.22925214740891056
2014-06-18,0.0109188121277117,0.0,GBP,-0.0825569099844145,2014,-14.781895222417004,-33.59275817404514,-0.3667930153540504
2014-07-30,0.0021622085364156,0.0,GBP,-0.2127534636203999,2014,-14.781895222417004,-33.59275817404514,-0.07263454848566532
2014-09-17,0.0150134351447968,0.0,GBP,0.2391245506218788,2014,-14.781895222417004,-33.59275817404514,-0.5043426961808692
2014-10-29,0.0176404592139643,0.0,GBP,-0.0495264047763438,2014,-14.781895222417004,-33.59275817404514,-0.592591680453809
2014-12-17,-0.0259095047790474,-0.0055357142857406,GBP,-0.5352376738592061,2014,-14.781895222417004,-33.59275817404514,0.8703717284518061
2015-01-28,0.0021442992637392,0.0,GBP,-0.2042094184834732,2015,-18.97686410062257,-37.7877270522507,-0.08102819529651903
2015-03-18,-0.0347104680105268,-0.0119230769230998,GBP,-0.394156133810331,2015,-18.97686410062257,-37.7877270522507,1.3116296910376664
2015-04-29,0.0048207585881479,-0.0049999999999954,GBP,1.019059219666138,2015,-18.97686410062257,-37.7877270522507,-0.1821655097137263
2015-06-17,-0.0180357370783715,-0.0115384615384836,GBP,0.4530235854389789,2015,-18.97686410062257,-37.7877270522507,0.6815295099036598
2015-07-29,0.0007774617598076,-0.0049999999999954,GBP,0.0448129068668895,2015,-18.97686410062257,-37.7877270522507,-0.029378512773172084
2015-09-17,-0.0353233026490292,-0.0576923076923206,GBP,0.0644994862402092,2015,-18.97686410062257,-37.7877270522507,1.3347873190855595
2015-10-28,0.0278863450059916,-0.0050000000000096,GBP,0.0457053319960766,2015,-18.97686410062257,-37.7877270522507,-1.053761593571305
2015-12-16,0.0190186421992981,0.0206666666666772,GBP,-0.2062748177922089,2015,-18.97686410062257,-37.7877270522507,-0.7186712603314936
2016-01-27,-0.0100129752298742,-0.0050000000000096,GBP,-0.5663756705753187,2016,-15.67269112631482,-34.483554077942955,0.34528297282047027
2016-03-16,-0.0447174101107624,-0.015500000000015,GBP,-0.4669929947308357,2016,-15.67269112631482,-34.483554077942955,1.5420152297800283
2016-04-27,0.0130580771678584,-0.0050000000000096,GBP,-0.3908799765052639,2016,-15.67269112631482,-34.483554077942955,-0.45028891017179734
2016-06-15,-0.0196647300337884,0.0,GBP,0.3884871564378781,2016,-15.67269112631482,-34.483554077942955,0.6781097815482913
2016-07-27,0.0083998625015665,-0.0100000000000051,GBP,-0.2974036584123287,2016,-15.67269112631482,-34.483554077942955,-0.2896571128200536
2016-09-21,-0.0140997003846475,-0.0416666666666286,GBP,0.0308261408113032,2016,-15.67269112631482,-34.483554077942955,0.4862077806967851
2016-11-02,0.0084836442153226,-0.0053571428571379,GBP,0.7907757344925992,2016,-15.67269112631482,-34.483554077942955,-0.2925462040771048
2016-12-14,0.0278630701095855,0.0,GBP,0.1654129793096251,2016,-15.67269112631482,-34.483554077942955,-0.9608176849014075
2017-02-01,-0.0073924725151894,-0.0051851851851804,GBP,0.4598073742481419,2017,7.8307751474938305,-10.980087804134303,0.08116999730642917
2017-03-15,-0.0198771072916542,0.0,GBP,0.442805151573202,2017,7.8307751474938305,-10.980087804134303,0.2182523833545613
2017-05-03,0.0141789980585717,-0.0027678571428545,GBP,-0.0387041844054469,2017,7.8307751474938305,-10.980087804134303,-0.15568664365776708
2017-06-14,0.0182385502184227,0.0187500000000095,GBP,0.5401821566763593,2017,7.8307751474938305,-10.980087804134303,-0.2002608828183941
2017-07-26,-0.0017682016992021,-0.0049999999999954,GBP,0.0153291944808487,2017,7.8307751474938305,-10.980087804134303,0.01941500991265853
2017-09-20,0.0282090026474706,0.0,GBP,0.347107176170166,2017,7.8307751474938305,-10.980087804134303,-0.30973732593628417
2017-11-01,0.0076398115377119,-0.0025862068965493,GBP,-0.1808727601400969,2017,7.8307751474938305,-10.980087804134303,-0.08388580149111498
2017-12-13,0.0037590706788576,0.0043055555555515,GBP,0.314748461280731,2017,7.8307751474938305,-10.980087804134303,-0.04127492611580319
2018-01-31,0.0094577773659963,-0.0074999999999931,GBP,0.4662013105811413,2018,-3.381066565640252,-22.191929517268388,-0.20988632869620616
2018-03-21,0.0030673490276887,0.0,GBP,0.3632870754740479,2018,-3.381066565640252,-22.191929517268388,-0.06807039342732935
2018-05-02,0.0021041905253442,-0.0026724137931009,GBP,-0.0073472686561928,2018,-3.381066565640252,-22.191929517268388,-0.04669604782934243
2018-06-13,0.0150453617748988,-0.0044117647059033,GBP,-0.2836457824691475,2018,-3.381066565640252,-22.191929517268388,-0.33388560807035816
2018-08-01,0.0038436923715133,-0.0025833333333309,GBP,-0.0381024961744557,2018,-3.381066565640252,-22.191929517268388,-0.08529895019468534
2018-09-26,0.0062027488421337,0.0100000000000051,GBP,0.1518372596600843,2018,-3.381066565640252,-22.191929517268388,-0.13765096511794916
2018-11-08,0.0088093356493354,0.0068181818181755,GBP,-0.213252175256505,2018,-3.381066565640252,-22.191929517268388,-0.19549615582401092
2018-12-19,0.0203843252731822,0.0258333333333465,GBP,0.1975270266544831,2018,-3.381066565640252,-22.191929517268388,-0.4523675097195321
2019-01-30,-0.0068702875218163,0.0,GBP,-0.6410278360919018,2019,-2.9308610878606585,-21.741724039488794,0.14937189537127335
2019-03-20,-0.0114304027526008,0.0,GBP,-0.5443424645433104,2019,-2.9308610878606585,-21.741724039488794,0.24851666230725972
2019-05-01,-0.0168063463862905,-0.0258333333333391,GBP,0.4670580061208205,2019,-2.9308610878606585,-21.741724039488794,0.36539894524278776
2019-06-19,-0.0347554236608728,0.0545454545454436,GBP,0.6197381983860853,2019,-2.9308610878606585,-21.741724039488794,0.7556428301102158
2019-07-31,0.0337184701884011,0.0375000000000085,GBP,0.5909406559946793,2019,-2.9308610878606585,-21.741724039488794,-0.7330976738699465
2019-09-18,0.0268265530608181,0.0343750000000042,GBP,-0.1201393761097581,2019,-2.9308610878606585,-21.741724039488794,-0.5832555135790106
2019-10-04,0.0089571821939382,0.0,GBP,-0.6558993512892398,2019,-2.9308610878606585,-21.741724039488794,-0.19474458343202714
2019-10-30,0.0163512469508232,-0.0099999999999909,GBP,-0.2560423480495176,2019,-2.9308610878606585,-21.741724039488794,-0.3555042989063306
2019-12-11,0.0041059291975144,0.0,GBP,-0.0151779616288908,2019,-2.9308610878606585,-21.741724039488794,-0.08926997953803777
2020-01-29,0.0101436556376702,0.0100000000000051,GBP,0.1230390804251106,2020,-11.473362354045713,-30.28422530567385,-0.3071927527543731
2020-03-03,-0.1002935803411909,-0.2601785714285708,GBP,0.2810525700457722,2020,-11.473362354045713,-30.28422530567385,3.037313383765327
2020-03-19,-0.0063512895718225,0.0129166666666547,GBP,-0.8368249670516579,2020,-11.473362354045713,-30.28422530567385,0.1923438843746494
2020-03-23,-0.012152390350357,-0.009687499999991,GBP,-2.1606177265900746,2020,-11.473362354045713,-30.28422530567385,0.36802572737270817
2020-03-31,0.0032152962607291,-0.0024999999999977,GBP,0.4990753335692715,2020,-11.473362354045713,-30.28422530567385,-0.09737275638441072
2020-04-29,-0.0036141284589083,-0.0300000000000011,GBP,-0.0723850918323299,2020,-11.473362354045713,-30.28422530567385,0.10945108053322677
2020-06-10,0.0041059291975123,0.0,GBP,0.172589671773632,2020,-11.473362354045713,-30.28422530567385,-0.12434488490660713
2020-07-29,0.0033490368734794,0.0,GBP,0.1851566645317041,2020,-11.473362354045713,-30.28422530567385,-0.10142298723345967
2020-08-27,0.0054307037680482,0.0,GBP,0.3255728789134972,2020,-11.473362354045713,-30.28422530567385,-0.16446465647994363
2020-09-16,0.0043995649398471,0.0,GBP,0.882153828713551,2020,-11.473362354045713,-30.28422530567385,-0.133237415885273
2020-11-05,0.0066301076792566,0.0029999999999972,GBP,0.7269420235810637,2020,-11.473362354045713,-30.28422530567385,-0.20078767475948525
2020-12-16,0.0063510416473751,-0.0051666666666619,GBP,0.5123076134232577,2020,-11.473362354045713,-30.28422530567385,-0.19233637617482552
2021-01-27,0.0094840404266222,0.0,GBP,-0.2990847325575518,2021,-9.879753286678717,-28.690616238306852,-0.27210296426880554
2021-03-17,0.0006266370091781,-0.0110714285714498,GBP,-0.0287976963833222,2021,-9.879753286678717,-28.690616238306852,-0.017978601951049236
2021-04-28,0.0026713600197029,-0.0100000000000051,GBP,0.0646900292101272,2021,-9.879753286678717,-28.690616238306852,-0.07664296515965174
2021-06-16,0.0199673065124721,0.0267857142857202,GBP,0.2625697850292074,2021,-9.879753286678717,-28.690616238306852,-0.5728743284619822
2021-07-28,0.0068244514553151,0.0,GBP,-0.0,2021,-9.879753286678717,-28.690616238306852,-0.19579771774140026
2021-09-22,0.0076324076234047,0.0,GBP,0.0439045814164949,2021,-9.879753286678717,-28.690616238306852,-0.2189784780974319
2021-11-03,0.0063698624910797,0.0027777777777752,GBP,0.3446888382095356,2021,-9.879753286678717,-28.690616238306852,-0.18275528022235296
2021-12-15,0.0238408887927261,0.0,GBP,-0.0832104136669268,2021,-9.879753286678717,-28.690616238306852,-0.6840097911322554
2022-01-26,0.0012942801622569,-0.0050000000000096,GBP,0.1554922382075536,2022,-14.755188960312976,-33.56605191194111,-0.04344387511491067
2022-03-16,0.0602717645156901,-0.0206666666666772,GBP,0.2369941096258123,2022,-14.755188960312976,-33.56605191194111,-2.023085176557944
2022-05-04,-0.0156146659816477,-0.0172222222222228,GBP,-0.1840221345811606,2022,-14.755188960312976,-33.56605191194111,0.5241226889276076
2022-06-15,0.0498852378507765,0.0449999999999874,GBP,0.3822507562820428,2022,-14.755188960312976,-33.56605191194111,-1.6744504833386935
2022-07-27,0.0026549658267917,-0.0150000000000005,GBP,-0.074803643931902,2022,-14.755188960312976,-33.56605191194111,-0.08911672076651984
2022-09-21,0.054655695433522,-0.024999999999977,GBP,-0.6597780696436384,2022,-14.755188960312976,-33.56605191194111,-1.834575910204842
2022-11-02,-0.0351361076874267,-0.0053571428571379,GBP,0.0610633769574,2022,-14.755188960312976,-33.56605191194111,1.1793804146197175
2022-12-14,0.0559791242146778,-0.0022794117647036,GBP,0.266311741948355,2022,-14.755188960312976,-33.56605191194111,-1.8789981893748746
2023-02-01,0.014032377742109,-0.0077777777777706,GBP,-0.129912327462613,2023,-3.1216953496897752,-21.93255830131791,-0.30776594293492143
2023-03-22,-0.0189041792985785,0.0258333333333095,GBP,0.3029436958877604,2023,-3.1216953496897752,-21.93255830131791,0.41461701460464007
2023-05-03,0.0138713034564892,0.0138392857142888,GBP,0.5754951539980132,2023,-3.1216953496897752,-21.93255830131791,-0.30423317177472203
2023-06-14,0.0533654635353005,-0.0187500000000095,GBP,0.6717534250370477,2023,-3.1216953496897752,-21.93255830131791,-1.1704411402648334
2023-07-26,0.0122077356629631,0.0,GBP,0.4185079347204306,2023,-3.1216953496897752,-21.93255830131791,-0.2677468741550161
2023-09-20,0.0459762111587796,0.0,GBP,-0.0322814949135709,2023,-3.1216953496897752,-21.93255830131791,-1.0083759317136367
2023-11-01,-0.0022707679661664,-0.0025862068965493,GBP,-0.0659467503910003,2023,-3.1216953496897752,-21.93255830131791,0.049803750806709665
2023-12-13,-0.0455356220279847,-0.0043055555555515,GBP,-0.1754666266116235,2023,-3.1216953496897752,-21.93255830131791,0.9987126849155507
2024-01-31,0.0189798297838987,0.0012499999999988,GBP,0.3934534506006062,2024,-10.445900714075618,-29.25676366570375,-0.5552883944028093
2024-03-20,-0.0078672537674286,0.0,GBP,-0.0,2024,-10.445900714075618,-29.25676366570375,0.230170384171776
2024-05-01,0.0045443938399247,0.0,GBP,-0.2079834363040914,2024,-10.445900714075618,-29.25676366570375,-0.13295425657855692
2024-06-12,0.0182455221618397,0.0,GBP,0.9230353394332436,2024,-10.445900714075618,-29.25676366570375,-0.5338049298463043
2024-07-31,0.0166624695624229,0.0,GBP,0.0935016430906754,2024,-10.445900714075618,-29.25676366570375,-0.48748993407478897
2024-09-18,-0.0714310356297788,-0.1187499999999985,GBP,0.2655238065724005,2024,-10.445900714075618,-29.25676366570375,2.0898409278169026
2024-11-07,0.0144816547036135,0.0,GBP,0.680011893245746,2024,-10.445900714075618,-29.25676366570375,-0.4236863491519473
2024-12-18,0.0543358251058351,-0.0059615384615668,GBP,-0.173132962110809,2024,-10.445900714075618,-29.25676366570375,-1.58969039370243
2025-01-29,0.0179627680688357,0.0049999999999954,GBP,0.0160849284567475,2025,-5.843233308976342,-24.654096260604476,-0.44285581307598776
2025-03-19,-0.0153788683487746,0.0,GBP,-0.1386962774348806,2025,-5.843233308976342,-24.654096260604476,0.3791521006498524
2025-05-07,-0.0072564712605612,0.0,GBP,-0.187174838459451,2025,-5.843233308976342,-24.654096260604476,0.1789017409701857
2025-06-18,-0.0078696651967995,0.0062499999999943,GBP,-0.3334942135612554,2025,-5.843233308976342,-24.654096260604476,0.19401948330062374
2025-07-30,0.0011993830099653,0.0024999999999977,GBP,-0.4884840435173875,2025,-5.843233308976342,-24.654096260604476,-0.02956970418101804
2025-09-17,-0.0230503105126839,0.011538461538451,GBP,0.0512538909261654,2025,-5.843233308976342,-24.654096260604476,0.5682845742165322
2025-10-29,0.0112417470727232,0.0249999999999914,GBP,-0.2790033103460414,2025,-5.843233308976342,-24.654096260604476,-0.2771551144682864
2025-12-10,-0.0015137379791926,-0.0036904761904938,GBP,0.1500375375234565,2025,-5.843233308976342,-24.654096260604476,0.037319841852347255
1994-02-04,0.0744275381675239,0.1633333333333334,JPY,-0.7367872711671302,1994,13.51649516200336,-5.294367789624774,-0.394046760735207
1994-03-22,-0.0258252584761284,0.0,JPY,0.2355713692459036,1994,13.51649516200336,-5.294367789624774,0.13672841663474838
1994-04-18,0.0591938759929221,0.150025,JPY,0.1932367751053813,1994,13.51649516200336,-5.294367789624774,-0.31339415039996993
1994-05-17,-0.0190317471128777,0.1107142857142857,JPY,0.4111494054981341,1994,13.51649516200336,-5.294367789624774,0.10076106889470397
1994-07-06,0.0067695874961795,-0.0496,JPY,0.6494188222263392,1994,13.51649516200336,-5.294367789624774,-0.035840685988819364
1994-08-16,0.0259658668252987,0.124,JPY,-0.2095704574218959,1994,13.51649516200336,-5.294367789624774,-0.13747284894954792
1994-09-27,-0.0104641166672954,-0.09,JPY,0.2842352943957734,1994,13.51649516200336,-5.294367789624774,0.0554008822302045
1994-11-15,0.0313698031847126,0.12,JPY,-0.2139038248749442,1994,13.51649516200336,-5.294367789624774,-0.16608327554801106
1994-12-20,-0.0177728645255933,-0.2254545454545455,JPY,-0.1696014772783101,1994,13.51649516200336,-5.294367789624774,0.09409608147366597
1995-02-01,0.0500189942601368,0.0725925925925926,JPY,0.0301765329453877,1995,13.426571834304191,-5.384291117323944,-0.2693168264923319
1995-03-28,0.0158901020849301,0.0,JPY,-0.1682652256340695,1995,13.426571834304191,-5.384291117323944,-0.08555693550925982
1995-05-23,0.0011983968621848,0.0,JPY,0.1029453908473802,1995,13.426571834304191,-5.384291117323944,-0.006452517580090505
1995-07-06,-0.1345291155205644,-0.0868,JPY,-0.2821539609942537,1995,13.426571834304191,-5.384291117323944,0.7243439217188216
1995-08-22,0.0308076638047787,0.0344444444444444,JPY,-0.1862583319932267,1995,13.426571834304191,-5.384291117323944,-0.16587743056957233
1995-09-26,0.041687990606095,0.02,JPY,-0.9466464993551612,1995,13.426571834304191,-5.384291117323944,-0.22446027751948133
1995-11-15,0.0145515593635155,0.06,JPY,0.7700699521635356,1995,13.426571834304191,-5.384291117323944,-0.07834983182418856
1995-12-19,-0.0303627968401148,-0.0775,JPY,-0.1473839618300523,1995,13.426571834304191,-5.384291117323944,0.16348213732334163
1996-01-31,-0.0137158500126284,-0.0300000000000011,JPY,0.3174013120240215,1996,16.060868417275614,-2.7499945343525205,0.03771851256872705
1996-03-26,0.0173036122147537,0.019999999999996,JPY,-0.1881645112520586,1996,16.060868417275614,-2.7499945343525205,-0.04758483901512819
1996-05-21,0.0160890644403414,0.0154999999999857,JPY,0.1307555990908157,1996,16.060868417275614,-2.7499945343525205,-0.044244839273784344
1996-07-03,-0.0074615753342424,-0.0608928571428646,JPY,-0.1905540252656024,1996,16.060868417275614,-2.7499945343525205,0.02051929138682618
1996-08-20,0.0059763798586063,-0.0281818181818325,JPY,-0.3978355619607123,1996,16.060868417275614,-2.7499945343525205,-0.016435011946381816
1996-09-24,-0.0616367818415713,-0.129999999999995,JPY,0.0364166063747807,1996,16.060868417275614,-2.7499945343525205,0.16950081317939977
1996-11-13,-0.0020190345253906,0.0,JPY,0.0807500828948307,1996,16.060868417275614,-2.7499945343525205,0.005552333909493184
1996-12-17,0.0096665266618053,0.0,JPY,0.5353942661356514,1996,16.060868417275614,-2.7499945343525205,-0.02658289548613749
1997-02-05,0.0073334281837072,-0.0304347826087024,JPY,-1.0165581787225266,1997,19.278464622183986,0.467601670555851,0.003429123269602847
1997-03-25,0.0393558906734885,0.0499999999999971,JPY,-0.7859700955847166,1997,19.278464622183986,0.467601670555851,0.01840288022513666
1997-05-20,-0.0341225983579708,-0.0845454545454576,JPY,1.957861102821547,1997,19.278464622183986,0.467601670555851,-0.015955783995893487
1997-07-02,0.0043288097349413,-0.0213793103448233,JPY,0.3573767150753069,1997,19.278464622183986,0.467601670555851,0.0020241586635769823
1997-08-19,0.0102564248424448,0.0,JPY,-0.5417773346766604,1997,19.278464622183986,0.467601670555851,0.004795921390257719
1997-09-30,0.0027623285176483,-0.0150000000000005,JPY,0.239957088370544,1997,19.278464622183986,0.467601670555851,0.0012916694294764126
1997-12-16,0.0093705409212869,0.0,JPY,0.1603359763224634,1997,19.278464622183986,0.467601670555851,0.0043816805888057175
1998-02-04,0.018684862485998,0.0350000000000012,JPY,1.7934828202693942,1998,22.893544943112992,4.082681991484858,0.07628435158495502
1998-03-31,0.0029104188782698,-0.0049999999999954,JPY,-0.8513895843258875,1998,22.893544943112992,4.082681991484858,0.011882314741989673
1998-05-19,-0.0058758645830149,-0.0387500000000013,JPY,-0.2864594856159699,1998,22.893544943112992,4.082681991484858,-0.023989286517478614
1998-07-01,-0.0170800803862638,-0.0051666666666666,JPY,-0.259984258522025,1998,22.893544943112992,4.082681991484858,-0.06973253660611295
1998-08-18,0.0151214113801669,0.0119230769230998,JPY,0.5226972010620224,1998,22.893544943112992,4.082681991484858,0.061735913927641585
1998-09-29,0.0275930243523054,0.0549999999999926,JPY,1.335331414369653,1998,22.893544943112992,4.082681991484858,0.1126535436137604
1998-10-15,-0.1122924702372589,-0.1646875000000153,JPY,1.4951497006363963,1998,22.893544943112992,4.082681991484858,-0.4584544460170063
1998-11-17,0.0087820155198661,-0.0692307692307717,JPY,-1.327820338607698,1998,22.893544943112992,4.082681991484858,0.03585417661189786
1998-12-22,0.002601771407222,-0.0172222222222063,JPY,-0.661145240893462,1998,22.893544943112992,4.082681991484858,0.010622205270225477
1999-02-03,0.0102289071471053,0.0056000000000107,JPY,-0.3027876567467941,1999,24.849923738739836,6.039060787111701,0.06177299204709025
1999-03-30,-0.009325201125341,0.0,JPY,-0.2668002249621345,1999,24.849923738739836,6.039060787111701,-0.05631545644797674
1999-05-18,0.0697687615283003,0.0,JPY,0.0243397834960968,1999,24.849923738739836,6.039060787111701,0.4213377919109058
1999-06-30,-0.0552790317790168,-0.0449999999999874,JPY,-0.1075491313594386,1999,24.849923738739836,6.039060787111701,-0.33383343316616193
1999-08-24,0.007594159331784,0.0375000000000085,JPY,0.1791633552801023,1999,24.849923738739836,6.039060787111701,0.045861589831655156
1999-10-05,0.0370156262936671,-0.047692307692315,JPY,-0.5719391147441444,1999,24.849923738739836,6.039060787111701,0.2235396172604658
1999-11-16,0.0662025322516916,0.0535714285714405,JPY,-0.901719365018864,1999,24.849923738739836,6.039060787111701,0.3998011165286885
1999-12-21,0.0253247056639662,0.0154999999999857,JPY,0.6445964305825643,1999,24.849923738739836,6.039060787111701,0.15293743692040387
2000-02-02,0.0029688750090123,-0.0537037037037006,JPY,-0.6757095177920185,2000,16.03199606023913,-2.7788668913890042,-0.008250108467216513
2000-03-21,0.0068786515124237,-0.0310000000000158,JPY,-0.384237387592865,2000,16.03199606023913,-2.7788668913890042,-0.01911485694527712
2000-05-16,0.0395344686208438,0.041333333333325,JPY,-0.246316778280226,2000,16.03199606023913,-2.7788668913890042,-0.10986102591912035
2000-06-28,-0.0157440790026368,-0.019999999999996,JPY,0.0189537528998032,2000,16.03199606023913,-2.7788668913890042,0.043750699875840224
2000-08-22,0.0151885007450896,0.0172222222222063,JPY,0.1752202228170704,2000,16.03199606023913,-2.7788668913890042,-0.04220682185036671
2000-10-03,0.0270379442984846,0.0,JPY,0.1379500839543686,2000,16.03199606023913,-2.7788668913890042,-0.07513484822227895
2000-11-15,0.0087077276290527,0.0,JPY,-0.5532517569725698,2000,16.03199606023913,-2.7788668913890042,-0.024197616007607822
2000-12-19,0.0178112185884117,0.0516666666666563,JPY,-0.4363125215602815,2000,16.03199606023913,-2.7788668913890042,-0.049495005630629675
2001-01-03,-0.1082948922109102,-0.3874999999999937,JPY,0.4104988514735168,2001,24.718461882984748,5.907598931356613,-0.6397627894965527
2001-01-31,0.009902018536813,0.0300000000000011,JPY,-0.5513927987541505,2001,24.718461882984748,5.907598931356613,0.05849715412634986
2001-03-20,-0.0325439847016355,0.0563636363636251,JPY,-0.1304525256343126,2001,24.718461882984748,5.907598931356613,-0.19225680924546784
2001-04-18,-0.2644372616610349,-0.4625000000000055,JPY,1.0730937865285126,2001,24.718461882984748,5.907598931356613,-1.5621892843995988
2001-05-15,-0.083030443689485,-0.0968749999999943,JPY,-0.1136456003473258,2001,24.718461882984748,5.907598931356613,-0.4905105604100671
2001-06-27,0.0535505197786259,0.1050000000000039,JPY,-0.3466766885652118,2001,24.718461882984748,5.907598931356613,0.31635499341780154
2001-08-21,-0.0351414913650395,0.02635,JPY,0.6732353068251601,2001,24.718461882984748,5.907598931356613,-0.20760183683438502
2001-09-17,-0.0431136324714348,-0.2134615384615738,JPY,-0.1787462705136018,2001,24.718461882984748,5.907598931356613,-0.25469804911515
2001-10-02,-0.0321891117637858,-0.0374137931034445,JPY,-0.4231493557229817,2001,24.718461882984748,5.907598931356613,-0.19016036225705957
2001-11-06,-0.0959269518636082,-0.1468750000000085,JPY,0.4693877766235545,2001,24.718461882984748,5.907598931356613,-0.566697958317749
2001-12-11,-0.0348675156122902,-0.0077500000000148,JPY,0.0316831685818667,2001,24.718461882984748,5.907598931356613,-0.2059832979702256
2002-01-30,0.02165034786024,0.0200000000000102,JPY,0.50309848934577,2002,33.586835459015795,14.77597250738766,0.3199049447582855
2002-03-19,-0.0373964534956888,-0.0387500000000013,JPY,-0.781580030559396,2002,33.586835459015795,14.77597250738766,-0.5525689687260988
2002-05-07,-0.013856029250814,0.0,JPY,-0.4155727939478599,2002,33.586835459015795,14.77597250738766,-0.2047363072715869
2002-06-26,0.010187602799154,0.0,JPY,1.712696479280071,2002,33.586835459015795,14.77597250738766,0.15053173887648508
2002-08-13,-0.050824427787682,0.0344444444444375,JPY,-0.1933342341372745,2002,33.586835459015795,14.77597250738766,-0.7509803476944987
2002-09-24,-0.0002908117502467,0.019999999999996,JPY,0.4447866295290399,2002,33.586835459015795,14.77597250738766,-0.004297026426470525
2002-11-06,-0.0577278947152216,-0.2031250000000106,JPY,-0.3113990879863097,2002,33.586835459015795,14.77597250738766,-0.8529857852214837
2002-12-10,0.0177830212466575,0.0,JPY,-0.2428954315403296,2002,33.586835459015795,14.77597250738766,0.26276143303890187
2003-01-29,0.0316433529565666,0.0050000000000096,JPY,0.4560818716619186,2003,33.278941720903525,14.46807876927539,0.4578185230995889
2003-03-18,0.0048725423419934,0.023846153846166,JPY,-0.3791873091941629,2003,33.278941720903525,14.46807876927539,0.0704963264105901
2003-05-06,-0.0402968328970085,0.0309999999999893,JPY,0.5917677257318639,2003,33.278941720903525,14.46807876927539,-0.5830177525062468
2003-06-25,0.0900951411777218,0.125,JPY,0.3566882762571008,2003,33.278941720903525,14.46807876927539,1.3035035992882658
2003-08-12,-0.0131519587647913,0.0,JPY,-0.1435265559400197,2003,33.278941720903525,14.46807876927539,-0.19028357537926238
2003-09-16,0.005971558443264,0.0,JPY,0.9757009961603692,2003,33.278941720903525,14.46807876927539,0.08639697793247508
2003-10-28,-0.0391110184725099,0.0,JPY,0.0461446180492083,2003,33.278941720903525,14.46807876927539,-0.5658612960068581
2003-12-09,0.0221387824187949,0.0,JPY,-0.0652589404598433,2003,33.278941720903525,14.46807876927539,0.32030564789097377
2004-01-28,0.0833938107012925,0.0,JPY,0.0379003226064262,2004,32.78301537285903,13.972152421230899,1.1651910341057352
2004-03-16,-0.0247975114294568,0.0103333333333238,JPY,1.394544771040786,2004,32.78301537285903,13.972152421230899,-0.34647460935958574
2004-05-04,0.0088940327664341,-0.011481481481471,JPY,0.2904340396972756,2004,32.78301537285903,13.972152421230899,0.12426878145203915
2004-06-30,-0.0102482345756715,-0.0099999999999909,JPY,-1.148856898707066,2004,32.78301537285903,13.972152421230899,-0.14318989553981076
2004-08-10,0.0304191917501907,0.0147619047619122,JPY,-0.1987712978271302,2004,32.78301537285903,13.972152421230899,0.425021583664314
2004-09-21,-0.0026558898886302,0.0,JPY,-0.0636913719724545,2004,32.78301537285903,13.972152421230899,-0.03710849833794711
2004-11-10,-0.0103477802622292,0.0,JPY,-1.261311902380498,2004,32.78301537285903,13.972152421230899,-0.144580763045271
2004-12-14,-0.0016196409545244,0.0,JPY,-0.8751125951630632,2004,32.78301537285903,13.972152421230899,-0.02262987028428282
2005-02-02,0.0024149323253281,-0.0053846153846104,JPY,-0.1153957239312952,2005,34.92664538195157,16.11578243032344,0.03891852393894272
2005-03-22,0.0446555386805955,0.0,JPY,0.1047170356055555,2005,34.92664538195157,16.11578243032344,0.7196589456853696
2005-05-03,0.0197608024591601,0.0,JPY,-0.0856205160996683,2005,34.92664538195157,16.11578243032344,0.3184607930804245
2005-06-30,0.0308555789795998,-0.0025000000000119,JPY,-0.5787157846063157,2005,34.92664538195157,16.11578243032344,0.49726179759689165
2005-08-09,-0.004972125919385,-0.007045454545448,JPY,-0.1786193205097473,2005,34.92664538195157,16.11578243032344,-0.08012969953298056
2005-09-20,0.0268847743224489,0.0450000000000015,JPY,-0.2154012679908628,2005,34.92664538195157,16.11578243032344,0.43326917366893275
2005-11-01,0.0125495322925041,-0.0051724137931133,JPY,-0.2317697075957685,2005,34.92664538195157,16.11578243032344,0.2022455320283142
2005-12-13,-0.009928467202524,-0.0086111111111276,JPY,-0.1749927532930315,2005,34.92664538195157,16.11578243032344,-0.16000501730247876
2006-01-31,0.0251938571475752,0.0099999999999909,JPY,0.5716007543634524,2006,33.74062266314281,14.929759711514674,0.3761382334195242
2006-03-28,0.0360945094088016,0.0049999999999954,JPY,-0.5217031289727041,2006,33.74062266314281,14.929759711514674,0.5388823523784134
2006-05-10,0.0368911752143715,0.0,JPY,0.6851194201679174,2006,33.74062266314281,14.929759711514674,0.5507763814259523
2006-06-29,-0.0242857417897403,-0.0150000000000005,JPY,0.2149706318206057,2006,33.74062266314281,14.929759711514674,-0.362580289336713
2006-08-08,-0.0129906958878952,-0.0471739130434928,JPY,-0.1392151969382815,2006,33.74062266314281,14.929759711514674,-0.1939479680916371
2006-09-20,0.0150310820727831,0.0,JPY,0.2639534931112766,2006,33.74062266314281,14.929759711514674,0.2244104435507076
2006-10-25,0.0007263979157513,-0.0049999999999954,JPY,0.1006795957180854,2006,33.74062266314281,14.929759711514674,0.010844946337111989
2006-12-12,-0.0103973231270163,0.0,JPY,-0.1110304593714797,2006,33.74062266314281,14.929759711514674,-0.15522953592932773
2007-01-31,0.0014143171230512,-0.0049999999999954,JPY,0.5603178799306165,2007,39.853523109898056,21.04266015826992,0.029760994576388426
2007-03-21,-0.0417216424647526,0.0,JPY,-0.4337663615999135,2007,39.853523109898056,21.04266015826992,-0.877934343630632
2007-05-09,0.0295434024263583,0.007045454545448,JPY,0.0750970038213323,2007,39.853523109898056,21.04266015826992,0.6216717771768647
2007-06-28,0.0136373343855182,0.0,JPY,-0.3991370916119318,2007,39.853523109898056,21.04266015826992,0.28696579293914826
2007-08-07,-0.0062992313776068,0.0064583333333457,JPY,-0.3720619884804556,2007,39.853523109898056,21.04266015826992,-0.13255258513729035
2007-08-10,0.0039472379436131,0.0147619047618913,JPY,0.5830427602749093,2007,39.853523109898056,21.04266015826992,0.08306038661127868
2007-08-17,-0.0029669647555415,-0.0221428571428684,JPY,0.1931180375468636,2007,39.853523109898056,21.04266015826992,-0.06243283105242418
2007-09-18,-0.1144828105894901,-0.2125000000000198,JPY,-0.7109445585676057,2007,39.853523109898056,21.04266015826992,-2.4090228771982254
2007-10-31,0.0422841905987063,-0.019999999999996,JPY,-0.4782825761610998,2007,39.853523109898056,21.04266015826992,0.8897718528360886
2007-12-11,0.02829942572256,0.0310000000000158,JPY,-0.152213845030968,2007,39.853523109898056,21.04266015826992,0.5954951981540323
2008-01-30,-0.0674737352269174,-0.1099999999999994,JPY,-0.1586339155974573,2008,46.09072667107602,27.279863719447885,-1.8406743016324165
2008-03-11,0.0596933766501375,0.0852499999999885,JPY,-1.045595102651636,2008,46.09072667107602,27.279863719447885,1.6284271799694234
2008-03-18,0.0358692911861361,0.1073076923076964,JPY,-1.383856844194143,2008,46.09072667107602,27.279863719447885,0.9785093752709859
2008-04-30,-0.0405592744455346,-0.0600000000000022,JPY,-1.086914947028706,2008,46.09072667107602,27.279863719447885,-1.1064514794338691
2008-06-25,-0.0230711842002055,-0.0100000000000051,JPY,-0.4906281538179574,2008,46.09072667107602,27.279863719447885,-0.6293787608278852
2008-08-05,-0.0114499186596415,-0.0059615384615499,JPY,0.027722589467385,2008,46.09072667107602,27.279863719447885,-0.3123522206337835
2008-09-16,0.0789327169296685,0.1124999999999889,JPY,0.5313609617676404,2008,46.09072667107602,27.279863719447885,2.1532737608471133
2008-10-08,-0.0178137266591618,-0.1314130434782562,JPY,2.544313854380413,2008,46.09072667107602,27.279863719447885,-0.48595603559742956
2008-10-29,-0.0364570970280909,-0.0500000000000113,JPY,-1.8637938554683775,2008,46.09072667107602,27.279863719447885,-0.9945446385330082
2008-12-16,-0.1484460483994251,-0.1498333333333439,JPY,0.774940222630202,2008,46.09072667107602,27.279863719447885,-4.049587970026882
2009-01-28,1.726730850573139e-05,0.0049999999999954,JPY,0.134937611838696,2009,42.537753126621226,23.72689017499309,0.00040969953253321275
2009-03-18,-0.0223012381406051,0.0,JPY,0.7820077428724632,2009,42.537753126621226,23.72689017499309,-0.5291390281285043
2009-04-29,0.0142231259046974,0.0,JPY,-0.4962276284162508,2009,42.537753126621226,23.72689017499309,0.33747054628585443
2009-06-24,0.0286829965218453,0.0,JPY,-0.062926063953704,2009,42.537753126621226,23.72689017499309,0.6805583083635323
2009-08-12,-0.0068523782491418,0.0,JPY,-0.2290474712979673,2009,42.537753126621226,23.72689017499309,-0.16258562615489894
2009-09-23,-0.0470684800287334,-0.0099999999999909,JPY,-0.4054133641335873,2009,42.537753126621226,23.72689017499309,-1.116788656345613
2009-11-04,-0.00818519581219,-0.0057692307692418,JPY,-0.7282389019340889,2009,42.537753126621226,23.72689017499309,-0.1942092420966455
2009-12-16,0.0047189015977683,-0.0258333333333391,JPY,0.4347105993011754,2009,42.537753126621226,23.72689017499309,0.11196485995684788
2010-01-27,0.0226497591448366,-0.0050000000000096,JPY,0.245755262204366,2010,53.70831112023077,34.89744816860264,0.7904187957882688
2010-03-16,-0.0171565109496542,-0.0103333333333238,JPY,0.0221141088915297,2010,53.70831112023077,34.89744816860264,-0.598718451619621
2010-04-28,-0.0003822216180214,0.0,JPY,-1.1332171729484273,2010,53.70831112023077,34.89744816860264,-0.013338559103821241
2010-06-23,0.0068538514109983,0.0050000000000096,JPY,0.8536164021604496,2010,53.70831112023077,34.89744816860264,0.23918192437061722
2010-08-10,-0.0078555016939911,0.0036904761904937,JPY,-0.0,2010,53.70831112023077,34.89744816860264,-0.2741369632044246
2010-09-21,0.0016542459066742,0.0,JPY,0.4441854176333084,2010,53.70831112023077,34.89744816860264,0.05772896078628597
2010-11-03,0.0084042541215947,0.0083333333333256,JPY,-0.7521150058836619,2010,53.70831112023077,34.89744816860264,0.2932870226041161
2010-12-14,0.0068727939550825,0.0045588235294075,JPY,0.0598479879016219,2010,53.70831112023077,34.89744816860264,0.23984297082097708
2011-01-26,0.0001406063965718,-0.0049999999999954,JPY,0.0971935442810337,2011,50.19046475574406,31.379601804115925,0.004412172735534695
2011-03-15,0.0089312427035794,-0.0048437499999955,JPY,1.0217359766146663,2011,50.19046475574406,31.379601804115925,0.28025883965423737
2011-04-27,-0.0051213064027277,0.0,JPY,-0.8144456373208828,2011,50.19046475574406,31.379601804115925,-0.16070455563446456
2011-06-22,0.0081492260258507,0.0,JPY,0.1123525491134395,2011,50.19046475574406,31.379601804115925,0.2557194677029331
2011-08-09,-0.0108965483739286,-0.007045454545468,JPY,0.4783770193339408,2011,50.19046475574406,31.379601804115925,-0.34192934901316635
2011-09-21,0.0499586161372513,0.0083333333333256,JPY,0.183126277468203,2011,50.19046475574406,31.379601804115925,1.5676814810716257
2011-11-02,0.0095940375571741,0.0,JPY,0.3070626772964936,2011,50.19046475574406,31.379601804115925,0.3010570782378563
2011-12-13,0.0099287089010361,0.0043055555555515,JPY,0.012842740658508,2011,50.19046475574406,31.379601804115925,0.31155893174349425
2012-01-25,-0.0038676267929878,-0.0050000000000096,JPY,-0.4489777281051544,2012,52.87106130009824,34.06019834847011,-0.1317321357070218
2012-03-13,0.0129494151782184,0.0,JPY,-0.5458859919544365,2012,52.87106130009824,34.06019834847011,0.44105964946680815
2012-04-25,0.0036097490215746,0.0,JPY,-0.1476559884364434,2012,52.87106130009824,34.06019834847011,0.12294876766302679
2012-06-20,0.0168084765825005,0.0075000000000356,JPY,-0.7825358625130013,2012,52.87106130009824,34.06019834847011,0.5725000463355819
2012-08-01,0.0157612626509574,0.0155000000000005,JPY,-0.1151705290782423,2012,52.87106130009824,34.06019834847011,0.5368317321139429
2012-09-13,0.0176606763212717,0.0088235294117565,JPY,0.5796370965687611,2012,52.87106130009824,34.06019834847011,0.6015261384706435
2012-10-24,0.0044416494851734,0.0,JPY,-0.0375916300398181,2012,52.87106130009824,34.06019834847011,0.15128346245938618
2012-12-12,0.004519987343823,0.0040789473684173,JPY,-0.8216575950731182,2012,52.87106130009824,34.06019834847011,0.15395166546318595
2013-01-30,0.0038080451107533,0.0050000000000096,JPY,-0.44028689727567,2013,59.152481733841356,40.34161878221322,0.15362270416348053
2013-03-20,0.0085203327254647,0.0,JPY,-0.6934257665623023,2013,59.152481733841356,40.34161878221322,0.3437240147083127
2013-05-01,0.0047427845607502,0.0,JPY,0.2464066955159183,2013,59.152481733841356,40.34161878221322,0.19133160671595112
2013-06-19,0.0090085083826874,0.0,JPY,-0.0210061969053075,2013,59.152481733841356,40.34161878221322,0.3634178109707472
2013-07-31,0.0042259661583059,0.0,JPY,-0.3361005353666718,2013,59.152481733841356,40.34161878221322,0.17048231574491074
2013-09-18,-0.0035151722454645,0.0,JPY,0.1210898230703684,2013,59.152481733841356,40.34161878221322,-0.14180773868034527
2013-10-30,0.0075123706626131,0.0,JPY,-0.0509606085532954,2013,59.152481733841356,40.34161878221322,0.3030611934218202
2013-12-18,0.0058421408391694,0.0,JPY,-0.5344748158880943,2013,59.152481733841356,40.34161878221322,0.23568141860577113
2014-01-29,0.0070645253769001,0.0,JPY,0.5853675251460653,2014,63.39341038927908,44.582547437650945,0.31495453774013765
2014-03-19,0.0148599812679333,0.0,JPY,-0.1675620124940008,2014,63.39341038927908,44.582547437650945,0.6624958198002407
2014-04-30,0.0068244514553151,0.0,JPY,0.4201071099821651,2014,63.39341038927908,44.582547437650945,0.30425143074253147
2014-06-18,0.0109188121277117,0.0,JPY,0.0195752178368187,2014,63.39341038927908,44.582547437650945,0.48678845964650536
2014-07-30,0.0021622085364156,0.0,JPY,-0.7609050466720825,2014,63.39341038927908,44.582547437650945,0.0963967646448423
2014-09-17,0.0150134351447968,0.0,JPY,-0.6247397819688038,2014,63.39341038927908,44.582547437650945,0.6693371845449992
2014-10-29,0.0176404592139643,0.0,JPY,-0.0925497520942749,2014,63.39341038927908,44.582547437650945,0.7864566097285101
2014-12-17,-0.0259095047790474,-0.0055357142857406,JPY,-0.3064875547452943,2014,63.39341038927908,44.582547437650945,-1.1551117258979244
2015-01-28,0.0021442992637392,0.0,JPY,-0.1019714568305248,2015,67.17835808434648,48.367495132718346,0.10371438420199729
2015-03-18,-0.0347104680105268,-0.0119230769230998,JPY,0.2972751982804196,2015,67.17835808434648,48.367495132718346,-1.678858392553531
2015-04-29,0.0048207585881479,-0.0049999999999954,JPY,-0.0252493373390334,2015,67.17835808434648,48.367495132718346,0.23316801754825373
2015-06-17,-0.0180357370783715,-0.0115384615384836,JPY,-0.6945594066295786,2015,67.17835808434648,48.367495132718346,-0.8723434253531214
2015-07-29,0.0007774617598076,-0.0049999999999954,JPY,-0.2748809233448948,2015,67.17835808434648,48.367495132718346,0.03760387788336873
2015-09-17,-0.0353233026490292,-0.0576923076923206,JPY,-0.2318649597906292,2015,67.17835808434648,48.367495132718346,-1.7084996689484568
2015-10-28,0.0278863450059916,-0.0050000000000096,JPY,-0.2242060312258834,2015,67.17835808434648,48.367495132718346,1.3487926563466033
2015-12-16,0.0190186421992981,0.0206666666666772,JPY,-0.1806685224949051,2015,67.17835808434648,48.367495132718346,0.9198840840054626
2016-01-27,-0.0100129752298742,-0.0050000000000096,JPY,-0.3369843121550362,2016,60.234474402109406,41.423611450481275,-0.41477359538560227
2016-03-16,-0.0447174101107624,-0.015500000000015,JPY,-0.7150138596456721,2016,60.234474402109406,41.423611450481275,-1.8523566215000444
2016-04-27,0.0130580771678584,-0.0050000000000096,JPY,-0.0269675043209261,2016,60.234474402109406,41.423611450481275,0.5409127148917673
2016-06-15,-0.0196647300337884,0.0,JPY,0.1415829204371597,2016,60.234474402109406,41.423611450481275,-0.8145841361982602
2016-07-27,0.0083998625015665,-0.0100000000000051,JPY,-0.7791753597584437,2016,60.234474402109406,41.423611450481275,0.3479526405023583
2016-09-21,-0.0140997003846475,-0.0416666666666286,JPY,1.0282866955583918,2016,60.234474402109406,41.423611450481275,-0.5840605103018394
2016-11-02,0.0084836442153226,-0.0053571428571379,JPY,1.3185312045595758,2016,60.234474402109406,41.423611450481275,0.3514231816596465
2016-12-14,0.0278630701095855,0.0,JPY,0.1736714573372867,2016,60.234474402109406,41.423611450481275,1.1541889900369884
2017-02-01,-0.0073924725151894,-0.0051851851851804,JPY,-0.5044035294972466,2017,61.08907656053655,42.278213608908416,-0.3125405320951619
2017-03-15,-0.0198771072916542,0.0,JPY,-0.02616773533185,2017,61.08907656053655,42.278213608908416,-0.8403685880037473
2017-05-03,0.0141789980585717,-0.0027678571428545,JPY,-0.249554496714815,2017,61.08907656053655,42.278213608908416,0.599462708680592
2017-06-14,0.0182385502184227,0.0187500000000095,JPY,0.8755984434268914,2017,61.08907656053655,42.278213608908416,0.7710933220512781
2017-07-26,-0.0017682016992021,-0.0049999999999954,JPY,-0.473913347302581,2017,61.08907656053655,42.278213608908416,-0.0747564091425012
2017-09-20,0.0282090026474706,0.0,JPY,-0.0089690120693313,2017,61.08907656053655,42.278213608908416,1.192626239624025
2017-11-01,0.0076398115377119,-0.0025862068965493,JPY,-0.3601708114553534,2017,61.08907656053655,42.278213608908416,0.3229975841231868
2017-12-13,0.0037590706788576,0.0043055555555515,JPY,0.3791724484652055,2017,61.08907656053655,42.278213608908416,0.15892679313172597
2018-01-31,0.0094577773659963,-0.0074999999999931,JPY,-0.3757852366829347,2018,58.94554604959513,40.134683097967,0.37958489739538653
2018-03-21,0.0030673490276887,0.0,JPY,0.1128243820321015,2018,58.94554604959513,40.134683097967,0.12310708117714317
2018-05-02,0.0021041905253442,-0.0026724137931009,JPY,-0.1821660035589968,2018,58.94554604959513,40.134683097967,0.08445101991243417
2018-06-13,0.0150453617748988,-0.0044117647059033,JPY,-0.1722340995956399,2018,58.94554604959513,40.134683097967,0.6038408269298297
2018-08-01,0.0038436923715133,-0.0025833333333309,JPY,0.1431127256782929,2018,58.94554604959513,40.134683097967,0.1542653752567595
2018-09-26,0.0062027488421337,0.0100000000000051,JPY,-0.035429584073003,2018,58.94554604959513,40.134683097967,0.24894535911531776
2018-11-08,0.0088093356493354,0.0068181818181755,JPY,-0.4841771860197967,2018,58.94554604959513,40.134683097967,0.3535598945896996
2018-12-19,0.0203843252731822,0.0258333333333465,JPY,0.3471453038915553,2018,58.94554604959513,40.134683097967,0.8181184350050472
2019-01-30,-0.0068702875218163,0.0,JPY,-0.1918422001607758,2019,60.80836543329483,41.9975024816667,-0.28853491724724384
2019-03-20,-0.0114304027526008,0.0,JPY,-0.0269311909702699,2019,60.80836543329483,41.9975024816667,-0.480048367968802
2019-05-01,-0.0168063463862905,-0.0258333333333391,JPY,0.1976817967860194,2019,60.80836543329483,41.9975024816667,-0.7058245740659854
2019-06-19,-0.0347554236608728,0.0545454545454436,JPY,0.027681661076421,2019,60.80836543329483,41.9975024816667,-1.459640991448883
2019-07-31,0.0337184701884011,0.0375000000000085,JPY,0.0736512646071927,2019,60.80836543329483,41.9975024816667,1.4160915354153798
2019-09-18,0.0268265530608181,0.0343750000000042,JPY,-0.0462342233951275,2019,60.80836543329483,41.9975024816667,1.1266482287462716
2019-10-04,0.0089571821939382,0.0,JPY,-0.1404034489085125,2019,60.80836543329483,41.9975024816667,0.3761792814186603
2019-10-30,0.0163512469508232,-0.0099999999999909,JPY,-0.0459326635240413,2019,60.80836543329483,41.9975024816667,0.6867115343955424
2019-12-11,0.0041059291975144,0.0,JPY,0.0551977934897843,2019,60.80836543329483,41.9975024816667,0.1724387716621588
2020-01-29,0.0101436556376702,0.0100000000000051,JPY,0.0183217296225197,2020,63.21995391896385,44.409090967335715,0.45047052595462367
2020-03-03,-0.1002935803411909,-0.2601785714285708,JPY,0.6874156191321947,2020,63.21995391896385,44.409090967335715,-4.4539467328117395
2020-03-19,-0.0063512895718225,0.0129166666666547,JPY,-1.4918136912150093,2020,63.21995391896385,44.409090967335715,-0.2820549963549561
2020-03-23,-0.012152390350357,-0.009687499999991,JPY,-0.0538938304610401,2020,63.21995391896385,44.409090967335715,-0.5396766085395768
2020-03-31,0.0032152962607291,-0.0024999999999977,JPY,0.4916750013484778,2020,63.21995391896385,44.409090967335715,0.14278838412965297
2020-04-29,-0.0036141284589083,-0.0300000000000011,JPY,0.1498829320404504,2020,63.21995391896385,44.409090967335715,-0.16050015949929552
2020-06-10,0.0041059291975123,0.0,JPY,0.3815555324684875,2020,63.21995391896385,44.409090967335715,0.18234058323776348
2020-07-29,0.0033490368734794,0.0,JPY,-0.0285591891131573,2020,63.21995391896385,44.409090967335715,0.14872768316730828
2020-08-27,0.0054307037680482,0.0,JPY,-0.2728771394492125,2020,63.21995391896385,44.409090967335715,0.24117261765190534
2020-09-16,0.0043995649398471,0.0,JPY,0.5322194657555517,2020,63.21995391896385,44.409090967335715,0.19538067963037076
2020-11-05,0.0066301076792566,0.0029999999999972,JPY,0.6921108085186298,2020,63.21995391896385,44.409090967335715,0.29443705505133744
2020-12-16,0.0063510416473751,-0.0051666666666619,JPY,0.0964878500176091,2020,63.21995391896385,44.409090967335715,0.2820439862556185
2021-01-27,0.0094840404266222,0.0,JPY,-0.3850230957190285,2021,65.79874462405738,46.98788167242924,0.4456349693426593
2021-03-17,0.0006266370091781,-0.0110714285714498,JPY,-0.1924575583740511,2021,65.79874462405738,46.98788167242924,0.029444345638825517
2021-04-28,0.0026713600197029,-0.0100000000000051,JPY,-0.2300226436306994,2021,65.79874462405738,46.98788167242924,0.12552154851025812
2021-06-16,0.0199673065124721,0.0267857142857202,JPY,0.2181819047333523,2021,65.79874462405738,46.98788167242924,0.9382214357251648
2021-07-28,0.0068244514553151,0.0,JPY,-0.3823400197027643,2021,65.79874462405738,46.98788167242924,0.3206665174615835
2021-09-22,0.0076324076234047,0.0,JPY,-0.2375298028907483,2021,65.79874462405738,46.98788167242924,0.3586306662842869
2021-11-03,0.0063698624910797,0.0027777777777752,JPY,-0.2457866405891432,2021,65.79874462405738,46.98788167242924,0.2993063450004983
2021-12-15,0.0238408887927261,0.0,JPY,-0.1758551407207612,2021,65.79874462405738,46.98788167242924,1.1202328615581585
2022-01-26,0.0012942801622569,-0.0050000000000096,JPY,-0.3943741144041738,2022,74.3324622378139,55.52159928618576,0.07186050453288709
2022-03-16,0.0602717645156901,-0.0206666666666772,JPY,-0.2450670935394091,2022,74.3324622378139,55.52159928618576,3.346384757711496
2022-05-04,-0.0156146659816477,-0.0172222222222228,JPY,0.0922864019970677,2022,74.3324622378139,55.52159928618576,-0.8669512276206801
2022-06-15,0.0498852378507765,0.0449999999999874,JPY,0.2895432439694467,2022,74.3324622378139,55.52159928618576,2.7697081862468793
2022-07-27,0.0026549658267917,-0.0150000000000005,JPY,-0.5037794029957081,2022,74.3324622378139,55.52159928618576,0.14740794875364563
2022-09-21,0.054655695433522,-0.024999999999977,JPY,-0.3474880138412864,2022,74.3324622378139,55.52159928618576,3.0345716205678213
2022-11-02,-0.0351361076874267,-0.0053571428571379,JPY,0.6774634676760829,2022,74.3324622378139,55.52159928618576,-1.9508128914975762
2022-12-14,0.0559791242146778,-0.0022794117647036,JPY,0.1406938660014821,2022,74.3324622378139,55.52159928618576,3.108050503038959
2023-02-01,0.014032377742109,-0.0077777777777706,JPY,0.693804818251256,2023,73.87197399923751,55.06111104760937,0.7726383091202657
2023-03-22,-0.0189041792985785,0.0258333333333095,JPY,-0.3019553890869195,2023,73.87197399923751,55.06111104760937,-1.040885115622949
2023-05-03,0.0138713034564892,0.0138392857142888,JPY,0.8463089111724726,2023,73.87197399923751,55.06111104760937,0.7637693799928396
2023-06-14,0.0533654635353005,-0.0187500000000095,JPY,0.4797202483803812,2023,73.87197399923751,55.06111104760937,2.9383617138243294
2023-07-26,0.0122077356629631,0.0,JPY,0.3554674580462518,2023,73.87197399923751,55.06111104760937,0.6721714889782725
2023-09-20,0.0459762111587796,0.0,JPY,0.0406036413509701,2023,73.87197399923751,55.06111104760937,2.5315012681619007
2023-11-01,-0.0022707679661664,-0.0025862068965493,JPY,0.3306662625381832,2023,73.87197399923751,55.06111104760937,-0.12503100714844223
2023-12-13,-0.0455356220279847,-0.0043055555555515,JPY,0.1926915467873808,2023,73.87197399923751,55.06111104760937,-2.5072419411048332
2024-01-31,0.0189798297838987,0.0012499999999988,JPY,0.9865032209703424,2024,78.69065507664583,59.87979212501769,1.1365082620280735
2024-03-20,-0.0078672537674286,0.0,JPY,-0.6151016450351707,2024,78.69065507664583,59.87979212501769,-0.4710895201883868
2024-05-01,0.0045443938399247,0.0,JPY,-0.0697991715891542,2024,78.69065507664583,59.87979212501769,0.27211735846890195
2024-06-12,0.0182455221618397,0.0,JPY,0.9195467093100276,2024,78.69065507664583,59.87979212501769,1.0925380742633646
2024-07-31,0.0166624695624229,0.0,JPY,2.196734174676241,2024,78.69065507664583,59.87979212501769,0.9977452136873176
2024-09-18,-0.0714310356297788,-0.1187499999999985,JPY,-0.1127952181626135,2024,78.69065507664583,59.87979212501769,-4.277275564785887
2024-11-07,0.0144816547036135,0.0,JPY,0.9424527851608776,2024,78.69065507664583,59.87979212501769,0.867158473278661
2024-12-18,0.0543358251058351,-0.0059615384615668,JPY,-0.3838526556947085,2024,78.69065507664583,59.87979212501769,3.253617912278723
2025-01-29,0.0179627680688357,0.0049999999999954,JPY,0.2766431461624449,2025,85.5314741306642,66.72061117903606,1.1984868640199913
2025-03-19,-0.0153788683487746,0.0,JPY,-0.3539117580067255,2025,85.5314741306642,66.72061117903606,-1.0260874954721744
2025-05-07,-0.0072564712605612,0.0,JPY,-0.4961055488338977,2025,85.5314741306642,66.72061117903606,-0.48415619750775346
2025-06-18,-0.0078696651967995,0.0062499999999943,JPY,0.3176578874444378,2025,85.5314741306642,66.72061117903606,-0.5250688717048517
2025-07-30,0.0011993830099653,0.0024999999999977,JPY,-0.3359766633077253,2025,85.5314741306642,66.72061117903606,0.0800235674626367
2025-09-17,-0.0230503105126839,0.011538461538451,JPY,0.1365560774814044,2025,85.5314741306642,66.72061117903606,-1.5379308052728298
2025-10-29,0.0112417470727232,0.0249999999999914,JPY,0.1512909349583764,2025,85.5314741306642,66.72061117903606,0.7500562354122314
2025-12-10,-0.0015137379791926,-0.0036904761904938,JPY,0.3320777047454112,2025,85.5314741306642,66.72061117903606,-0.10099752313664924
1994-02-04,0.0744275381675239,0.1633333333333334,CHF,-0.4333924851939673,1994,77.092762483735,58.28189953210686,4.337778301901677
1994-03-22,-0.0258252584761284,0.0,CHF,0.5232874316658501,1994,77.092762483735,58.28189953210686,-1.5051451198964065
1994-04-18,0.0591938759929221,0.150025,CHF,-0.3229910377618458,1994,77.092762483735,58.28189953210686,3.4499315335354783
1994-05-17,-0.0190317471128777,0.1107142857142857,CHF,0.7389456193751728,1994,77.092762483735,58.28189953210686,-1.109206373153203
1994-07-06,0.0067695874961795,-0.0496,CHF,0.5887253776759823,1994,77.092762483735,58.28189953210686,0.39454441832614046
1994-08-16,0.0259658668252987,0.124,CHF,0.1152118104322014,1994,77.092762483735,58.28189953210686,1.5133400415761256
1994-09-27,-0.0104641166672954,-0.09,CHF,0.311163222669614,1994,77.092762483735,58.28189953210686,-0.6098685962955555
1994-11-15,0.0313698031847126,0.12,CHF,-0.4241379020699069,1994,77.092762483735,58.28189953210686,1.8282917175533857
1994-12-20,-0.0177728645255933,-0.2254545454545455,CHF,0.0676513725204094,1994,77.092762483735,58.28189953210686,-1.035836304678375
1995-02-01,0.0500189942601368,0.0725925925925926,CHF,-0.3497186389249093,1995,74.05688879924108,55.24602584761294,2.763350649767121
1995-03-28,0.0158901020849301,0.0,CHF,0.8661812492350146,1995,74.05688879924108,55.24602584761294,0.8778649905052567
1995-05-23,0.0011983968621848,0.0,CHF,-0.4576667027411673,1995,74.05688879924108,55.24602584761294,0.0662066640239597
1995-07-06,-0.1345291155205644,-0.0868,CHF,-0.1742464284745057,1995,74.05688879924108,55.24602584761294,-7.432198993305608
1995-08-22,0.0308076638047787,0.0344444444444444,CHF,-0.8156652073748787,1995,74.05688879924108,55.24602584761294,1.7020009908633738
1995-09-26,0.041687990606095,0.02,CHF,-1.081559320862021,1995,74.05688879924108,55.24602584761294,2.30309580655937
1995-11-15,0.0145515593635155,0.06,CHF,0.4659963591597335,1995,74.05688879924108,55.24602584761294,0.8039158247198513
1995-12-19,-0.0303627968401148,-0.0775,CHF,-0.4344055484655393,1995,74.05688879924108,55.24602584761294,-1.677423859034803
1996-01-31,-0.0137158500126284,-0.0300000000000011,CHF,0.0824538305289684,1996,70.4906267060695,51.67976375444137,-0.7088318883439874
1996-03-26,0.0173036122147537,0.019999999999996,CHF,0.0419269638442571,1996,70.4906267060695,51.67976375444137,0.8942465913569372
1996-05-21,0.0160890644403414,0.0154999999999857,CHF,-0.3794770938503606,1996,70.4906267060695,51.67976375444137,0.8314790493068269
1996-07-03,-0.0074615753342424,-0.0608928571428646,CHF,-0.1357665025058966,1996,70.4906267060695,51.67976375444137,-0.3856124505096141
1996-08-20,0.0059763798586063,-0.0281818181818325,CHF,-0.0911237274668332,1996,70.4906267060695,51.67976375444137,0.3088578991995753
1996-09-24,-0.0616367818415713,-0.129999999999995,CHF,-0.2993650846123303,1996,70.4906267060695,51.67976375444137,-3.1853743241564465
1996-11-13,-0.0020190345253906,0.0,CHF,-0.3870615835943263,1996,70.4906267060695,51.67976375444137,-0.10434322728424685
1996-12-17,0.0096665266618053,0.0,CHF,0.4531729809882192,1996,70.4906267060695,51.67976375444137,0.49956381420810664
1997-02-05,0.0073334281837072,-0.0304347826087024,CHF,-0.1751620696586717,1997,94.43158287502548,75.62071992339735,0.5545591187584706
1997-03-25,0.0393558906734885,0.0499999999999971,CHF,-0.7592635400973128,1997,94.43158287502548,75.62071992339735,2.9761207859557195
1997-05-20,-0.0341225983579708,-0.0845454545454576,CHF,1.5019850108389263,1997,94.43158287502548,75.62071992339735,-2.5803754534866883
1997-07-02,0.0043288097349413,-0.0213793103448233,CHF,-0.8802813675755342,1997,94.43158287502548,75.62071992339735,0.3273477085676719
1997-08-19,0.0102564248424448,0.0,CHF,-0.297177038915748,1997,94.43158287502548,75.62071992339735,0.7755982304258929
1997-09-30,0.0027623285176483,-0.0150000000000005,CHF,-0.2615460228646115,1997,94.43158287502548,75.62071992339735,0.20888927116949546
1997-12-16,0.0093705409212869,0.0,CHF,-0.7660204588291789,1997,94.43158287502548,75.62071992339735,0.7086070505393703
1998-02-04,0.018684862485998,0.0350000000000012,CHF,0.6762551814583547,1998,90.97900357418166,72.16814062255352,1.3484517834025787
1998-03-31,0.0029104188782698,-0.0049999999999954,CHF,-0.2298474169016592,1998,90.97900357418166,72.16814062255352,0.2100395188775094
1998-05-19,-0.0058758645830149,-0.0387500000000013,CHF,0.3703084521156737,1998,90.97900357418166,72.16814062255352,-0.4240502215061011
1998-07-01,-0.0170800803862638,-0.0051666666666666,CHF,-0.8871423387419687,1998,90.97900357418166,72.16814062255352,-1.2326376431604043
1998-08-18,0.0151214113801669,0.0119230769230998,CHF,-0.5044146886678003,1998,90.97900357418166,72.16814062255352,1.091284142895366
1998-09-29,0.0275930243523054,0.0549999999999926,CHF,0.0359776942179008,1998,90.97900357418166,72.16814062255352,1.99133726165872
1998-10-15,-0.1122924702372589,-0.1646875000000153,CHF,0.7154991925043944,1998,90.97900357418166,72.16814062255352,-8.103938782936407
1998-11-17,0.0087820155198661,-0.0692307692307717,CHF,-0.0363967246966188,1998,90.97900357418166,72.16814062255352,0.6337817309871442
1998-12-22,0.002601771407222,-0.0172222222222063,CHF,-0.1832509217226982,1998,90.97900357418166,72.16814062255352,0.18776500478413627
1999-02-03,0.0102289071471053,0.0056000000000107,CHF,-0.1699356069929929,1999,98.62526491830486,79.81440196667673,0.8164141067188749
1999-03-30,-0.009325201125341,0.0,CHF,-0.0873450520811239,1999,98.62526491830486,79.81440196667673,-0.7442853510380727
1999-05-18,0.0697687615283003,0.0,CHF,-0.1131711334715066,1999,98.62526491830486,79.81440196667673,5.568551977336972
1999-06-30,-0.0552790317790168,-0.0449999999999874,CHF,-0.3864739109888694,1999,98.62526491830486,79.81440196667673,-4.412062862739144
1999-08-24,0.007594159331784,0.0375000000000085,CHF,-0.638433076472519,1999,98.62526491830486,79.81440196667673,0.6061232855059973
1999-10-05,0.0370156262936671,-0.047692307692315,CHF,-0.1074835519304145,1999,98.62526491830486,79.81440196667673,2.9543800760510344
1999-11-16,0.0662025322516916,0.0535714285714405,CHF,0.1157481963195086,1999,98.62526491830486,79.81440196667673,5.283915520348394
1999-12-21,0.0253247056639662,0.0154999999999857,CHF,0.333890126551471,1999,98.62526491830486,79.81440196667673,2.0212762375515734
2000-02-02,0.0029688750090123,-0.0537037037037006,CHF,0.2300103913393765,2000,116.9034910688034,98.09262811717527,0.29122475218541893
2000-03-21,0.0068786515124237,-0.0310000000000158,CHF,-0.0602046977847664,2000,116.9034910688034,98.09262811717527,0.6747450047558232
2000-05-16,0.0395344686208438,0.041333333333325,CHF,-0.6962146009951248,2000,116.9034910688034,98.09262811717527,3.8780399282345663
2000-06-28,-0.0157440790026368,-0.019999999999996,CHF,-0.2500077524039595,2000,116.9034910688034,98.09262811717527,-1.5443780866530794
2000-08-22,0.0151885007450896,0.0172222222222063,CHF,-0.7497151609668682,2000,116.9034910688034,98.09262811717527,1.4898799552455135
2000-10-03,0.0270379442984846,0.0,CHF,-0.2479316287184219,2000,116.9034910688034,98.09262811717527,2.6522230151241493
2000-11-15,0.0087077276290527,0.0,CHF,-0.5177567984796797,2000,116.9034910688034,98.09262811717527,0.8541638880623189
2000-12-19,0.0178112185884117,0.0516666666666563,CHF,-0.5623812365391982,2000,116.9034910688034,98.09262811717527,1.7471492413067884
2001-01-03,-0.1082948922109102,-0.3874999999999937,CHF,0.3115267316949311,2001,99.58305777267756,80.77219482104942,-8.747216131784187
2001-01-31,0.009902018536813,0.0300000000000011,CHF,0.1824818024628947,2001,99.58305777267756,80.77219482104942,0.7998077703771025
2001-03-20,-0.0325439847016355,0.0563636363636251,CHF,0.6524637400763161,2001,99.58305777267756,80.77219482104942,-2.6286490725737544
2001-04-18,-0.2644372616610349,-0.4625000000000055,CHF,-0.3748022262737838,2001,99.58305777267756,80.77219482104942,-21.359178016829933
2001-05-15,-0.083030443689485,-0.0968749999999943,CHF,0.4807151296833153,2001,99.58305777267756,80.77219482104942,-6.706551173765257
2001-06-27,0.0535505197786259,0.1050000000000039,CHF,0.0396566869203133,2001,99.58305777267756,80.77219482104942,4.325393016327632
2001-08-21,-0.0351414913650395,0.02635,CHF,-0.0781179620893297,2001,99.58305777267756,80.77219482104942,-2.838455386839197
2001-09-17,-0.0431136324714348,-0.2134615384615738,CHF,0.6360205453369816,2001,99.58305777267756,80.77219482104942,-3.482382721425854
2001-10-02,-0.0321891117637858,-0.0374137931034445,CHF,-0.1912223387485028,2001,99.58305777267756,80.77219482104942,-2.5999852065010405
2001-11-06,-0.0959269518636082,-0.1468750000000085,CHF,0.1401456525271265,2001,99.58305777267756,80.77219482104942,-7.748230444516792
2001-12-11,-0.0348675156122902,-0.0077500000000148,CHF,0.5291972179306075,2001,99.58305777267756,80.77219482104942,-2.8163257639618866
2002-01-30,0.02165034786024,0.0200000000000102,CHF,-0.0410761969217692,2002,114.36373790832333,95.55287495669519,2.068752981858466
2002-03-19,-0.0373964534956888,-0.0387500000000013,CHF,-0.2228446731818688,2002,114.36373790832333,95.55287495669519,-3.5733386446974187
2002-05-07,-0.013856029250814,0.0,CHF,-0.2451212691457766,2002,114.36373790832333,95.55287495669519,-1.3239834303993412
2002-06-26,0.010187602799154,0.0,CHF,1.3298068304631487,2002,114.36373790832333,95.55287495669519,0.9734547363760401
2002-08-13,-0.050824427787682,0.0344444444444375,CHF,0.0869071151400394,2002,114.36373790832333,95.55287495669519,-4.856420193141963
2002-09-24,-0.0002908117502467,0.019999999999996,CHF,-0.0536408756324442,2002,114.36373790832333,95.55287495669519,-0.027787898807260594
2002-11-06,-0.0577278947152216,-0.2031250000000106,CHF,-0.1911393851093038,2002,114.36373790832333,95.55287495669519,-5.516066305236834
2002-12-10,0.0177830212466575,0.0,CHF,-0.2258495981056743,2002,114.36373790832333,95.55287495669519,1.699218805534118
2003-01-29,0.0316433529565666,0.0050000000000096,CHF,0.35461030067507,2003,112.50092287908957,93.69005992746143,2.964667634806539
2003-03-18,0.0048725423419934,0.023846153846166,CHF,0.0144466917327221,2003,112.50092287908957,93.69005992746143,0.45650878402045497
2003-05-06,-0.0402968328970085,0.0309999999999893,CHF,0.8143184963463677,2003,112.50092287908957,93.69005992746143,-3.775412689007626
2003-06-25,0.0900951411777218,0.125,CHF,0.3989917590307573,2003,112.50092287908957,93.69005992746143,8.441019176113853
2003-08-12,-0.0131519587647913,0.0,CHF,-0.5137625979591834,2003,112.50092287908957,93.69005992746143,-1.2322078048367986
2003-09-16,0.005971558443264,0.0,CHF,-1.1615873185438383,2003,112.50092287908957,93.69005992746143,0.5594756684097425
2003-10-28,-0.0391110184725099,0.0,CHF,-0.9680178441167292,2003,112.50092287908957,93.69005992746143,-3.6643136645135033
2003-12-09,0.0221387824187949,0.0,CHF,-0.0078967110239684,2003,112.50092287908957,93.69005992746143,2.074183851537924
2004-01-28,0.0833938107012925,0.0,CHF,-0.3303923389018049,2004,108.1437060601882,89.33284310856006,7.449806207603519
2004-03-16,-0.0247975114294568,0.0103333333333238,CHF,-0.1172562182421588,2004,108.1437060601882,89.33284310856006,-2.2152321980103893
2004-05-04,0.0088940327664341,-0.011481481481471,CHF,1.3932113896868907,2004,108.1437060601882,89.33284310856006,0.7945292337262498
2004-06-30,-0.0102482345756715,-0.0099999999999909,CHF,0.7559216421068599,2004,108.1437060601882,89.33284310856006,-0.9155039314881827
2004-08-10,0.0304191917501907,0.0147619047619122,CHF,0.1674841879723722,2004,108.1437060601882,89.33284310856006,2.71743288410899
2004-09-21,-0.0026558898886302,0.0,CHF,1.0582945083723851,2004,108.1437060601882,89.33284310856006,-0.2372581947346127
2004-11-10,-0.0103477802622292,0.0,CHF,0.1355932411135955,2004,108.1437060601882,89.33284310856006,-0.9243966306875755
2004-12-14,-0.0016196409545244,0.0,CHF,-0.2770564542805822,2004,108.1437060601882,89.33284310856006,-0.14468713128272667
2005-02-02,0.0024149323253281,-0.0053846153846104,CHF,-0.1004772754715751,2005,107.05624225641834,88.2453793047902,0.21310661904397718
2005-03-22,0.0446555386805955,0.0,CHF,0.23787285024904,2005,107.05624225641834,88.2453793047902,3.9406449489288806
2005-05-03,0.0197608024591601,0.0,CHF,0.0668002696850721,2005,107.05624225641834,88.2453793047902,1.7437995083756141
2005-06-30,0.0308555789795998,-0.0025000000000119,CHF,-0.3201501973178582,2005,107.05624225641834,88.2453793047902,2.7228622707236956
2005-08-09,-0.004972125919385,-0.007045454545448,CHF,-0.0872150699485525,2005,107.05624225641834,88.2453793047902,-0.4387671377073081
2005-09-20,0.0268847743224489,0.0450000000000015,CHF,0.0313504195686289,2005,107.05624225641834,88.2453793047902,2.3724571076081875
2005-11-01,0.0125495322925041,-0.0051724137931133,CHF,-0.0232531102082461,2005,107.05624225641834,88.2453793047902,1.1074382372497376
2005-12-13,-0.009928467202524,-0.0086111111111276,CHF,-0.5574495699126449,2005,107.05624225641834,88.2453793047902,-0.8761413542018996
2006-01-31,0.0251938571475752,0.0099999999999909,CHF,0.6238323412691702,2006,110.28039391806279,91.46953096643465,2.3044702965240607
2006-03-28,0.0360945094088016,0.0049999999999954,CHF,0.6667457738319124,2006,110.28039391806279,91.46953096643465,3.3015478460866445
2006-05-10,0.0368911752143715,0.0,CHF,0.3031670968823077,2006,110.28039391806279,91.46953096643465,3.37441849365912
2006-06-29,-0.0242857417897403,-0.0150000000000005,CHF,-0.0881092611769014,2006,110.28039391806279,91.46953096643465,-2.2214054106794863
2006-08-08,-0.0129906958878952,-0.0471739130434928,CHF,-0.3104070455124302,2006,110.28039391806279,91.46953096643465,-1.1882528597933653
2006-09-20,0.0150310820727831,0.0,CHF,0.1119552296065377,2006,110.28039391806279,91.46953096643465,1.3748860271154544
2006-10-25,0.0007263979157513,-0.0049999999999954,CHF,0.0790326445942796,2006,110.28039391806279,91.46953096643465,0.06644327664876712
2006-12-12,-0.0103973231270163,0.0,CHF,0.0498628781211219,2006,110.28039391806279,91.46953096643465,-0.9510382697346446
2007-01-31,0.0014143171230512,-0.0049999999999954,CHF,0.480000921603167,2007,101.98509038242696,83.17422743079882,0.1176347340519336
2007-03-21,-0.0417216424647526,0.0,CHF,-0.115283280225029,2007,101.98509038242696,83.17422743079882,-3.470165379149807
2007-05-09,0.0295434024263583,0.007045454545448,CHF,0.1396476178807,2007,101.98509038242696,83.17422743079882,2.4572496724895387
2007-06-28,0.0136373343855182,0.0,CHF,0.0406884491108157,2007,101.98509038242696,83.17422743079882,1.134274751730944
2007-08-07,-0.0062992313776068,0.0064583333333457,CHF,-0.6799035718407264,2007,101.98509038242696,83.17422743079882,-0.5239337032402921
2007-08-10,0.0039472379436131,0.0147619047618913,CHF,-0.0167112299854034,2007,101.98509038242696,83.17422743079882,0.32830846644555467
2007-08-17,-0.0029669647555415,-0.0221428571428684,CHF,1.0901090690310735,2007,101.98509038242696,83.17422743079882,-0.24677500135657315
2007-09-18,-0.1144828105894901,-0.2125000000000198,CHF,-0.1430675606958045,2007,101.98509038242696,83.17422743079882,-9.522019324887314
2007-10-31,0.0422841905987063,-0.019999999999996,CHF,0.2240993870118502,2007,101.98509038242696,83.17422743079882,3.516954885584043
2007-12-11,0.02829942572256,0.0310000000000158,CHF,-0.4777501788048983,2007,101.98509038242696,83.17422743079882,2.3537828712092037
2008-01-30,-0.0674737352269174,-0.1099999999999994,CHF,0.1189006405226899,2008,119.52060005272891,100.70973710110077,-6.795262135932132
2008-03-11,0.0596933766501375,0.0852499999999885,CHF,-0.9763795589690076,2008,119.52060005272891,100.70973710110077,6.011704269112335
2008-03-18,0.0358692911861361,0.1073076923076964,CHF,-0.3947573323126301,2008,119.52060005272891,100.70973710110077,3.6123868853585974
2008-04-30,-0.0405592744455346,-0.0600000000000022,CHF,-0.8963483462526549,2008,119.52060005272891,100.70973710110077,-4.084713866421184
2008-06-25,-0.0230711842002055,-0.0100000000000051,CHF,-0.3844679860809904,2008,119.52060005272891,100.70973710110077,-2.3234928954137657
2008-08-05,-0.0114499186596415,-0.0059615384615499,CHF,-0.532320648641296,2008,119.52060005272891,100.70973710110077,-1.1531182980414836
2008-09-16,0.0789327169296685,0.1124999999999889,CHF,-0.0446568131388492,2008,119.52060005272891,100.70973710110077,7.9492931706625205
2008-10-08,-0.0178137266591618,-0.1314130434782562,CHF,1.1203857658262386,2008,119.52060005272891,100.70973710110077,-1.794015728635055
2008-10-29,-0.0364570970280909,-0.0500000000000113,CHF,2.0972791519797704,2008,119.52060005272891,100.70973710110077,-3.671584657168357
2008-12-16,-0.1484460483994251,-0.1498333333333439,CHF,1.6003124617313242,2008,119.52060005272891,100.70973710110077,-14.949962508003383
2009-01-28,1.726730850573139e-05,0.0049999999999954,CHF,-0.4730626430545944,2009,100.76731080961561,81.95644785798747,0.0014151672691977582
2009-03-18,-0.0223012381406051,0.0,CHF,1.3536153556918198,2009,100.76731080961561,81.95644785798747,-1.8277302608390635
2009-04-29,0.0142231259046974,0.0,CHF,1.822533579758041,2009,100.76731080961561,81.95644785798747,1.1656768765859233
2009-06-24,0.0286829965218453,0.0,CHF,-1.2529747662013555,2009,100.76731080961561,81.95644785798747,2.35075650885345
2009-08-12,-0.0068523782491418,0.0,CHF,0.5558143072227224,2009,100.76731080961561,81.95644785798747,-0.5615965806789974
2009-09-23,-0.0470684800287334,-0.0099999999999909,CHF,-0.2146761167942013,2009,100.76731080961561,81.95644785798747,-3.8575654292296133
2009-11-04,-0.00818519581219,-0.0057692307692418,CHF,1.2006586716504075,2009,100.76731080961561,81.95644785798747,-0.6708295737891672
2009-12-16,0.0047189015977683,-0.0258333333333391,CHF,0.6353506162742893,2009,100.76731080961561,81.95644785798747,0.38674441274447147
2010-01-27,0.0226497591448366,-0.0050000000000096,CHF,-0.0573120657582752,2010,107.50294529777666,88.69208234614852,2.008854303194278
2010-03-16,-0.0171565109496542,-0.0103333333333238,CHF,0.7456030011122732,2010,107.50294529777666,88.69208234614852,-1.521646681919329
2010-04-28,-0.0003822216180214,0.0,CHF,-0.6713594904121201,2010,107.50294529777666,88.69208234614852,-0.033900031220032135
2010-06-23,0.0068538514109983,0.0050000000000096,CHF,-0.054298643868018,2010,107.50294529777666,88.69208234614852,0.6078823537325274
2010-08-10,-0.0078555016939911,0.0036904761904937,CHF,-1.1221114315890066,2010,107.50294529777666,88.69208234614852,-0.6967208031137678
2010-09-21,0.0016542459066742,0.0,CHF,0.1194743272342693,2010,107.50294529777666,88.69208234614852,0.14671851417552728
2010-11-03,0.0084042541215947,0.0083333333333256,CHF,-0.112388262149199,2010,107.50294529777666,88.69208234614852,0.7453907986104352
2010-12-14,0.0068727939550825,0.0045588235294075,CHF,0.6017239859035527,2010,107.50294529777666,88.69208234614852,0.609562407412289
2011-01-26,0.0001406063965718,-0.0049999999999954,CHF,0.1588394467490552,2011,105.21902846402212,86.40816551239398,0.012149540787077398
2011-03-15,0.0089312427035794,-0.0048437499999955,CHF,0.715838197756382,2011,105.21902846402212,86.40816551239398,0.7717322977622499
2011-04-27,-0.0051213064027277,0.0,CHF,-0.0454287344553458,2011,105.21902846402212,86.40816551239398,-0.4425226912865781
2011-06-22,0.0081492260258507,0.0,CHF,0.9172736898185267,2011,105.21902846402212,86.40816551239398,0.704159671239616
2011-08-09,-0.0108965483739286,-0.007045454545468,CHF,3.229124904249678,2011,105.21902846402212,86.40816551239398,-0.94155075540823
2011-09-21,0.0499586161372513,0.0083333333333256,CHF,-0.5951395927721562,2011,105.21902846402212,86.40816551239398,4.316832371957767
2011-11-02,0.0095940375571741,0.0,CHF,1.0503230556415597,2011,105.21902846402212,86.40816551239398,0.8290031851724237
2011-12-13,0.0099287089010361,0.0043055555555515,CHF,-0.6177461331862136,2011,105.21902846402212,86.40816551239398,0.8579215220451066
2012-01-25,-0.0038676267929878,-0.0050000000000096,CHF,-0.2150538463228564,2012,109.74340736226502,90.93254441063688,-0.3516931451171322
2012-03-13,0.0129494151782184,0.0,CHF,-0.2285715280855861,2012,109.74340736226502,90.93254441063688,1.17752327078512
2012-04-25,0.0036097490215746,0.0,CHF,0.0109920307887599,2012,109.74340736226502,90.93254441063688,0.32824366321558535
2012-06-20,0.0168084765825005,0.0075000000000356,CHF,0.0845934279059955,2012,109.74340736226502,90.93254441063688,1.5284375433133766
2012-08-01,0.0157612626509574,0.0155000000000005,CHF,-0.1434426475462029,2012,109.74340736226502,90.93254441063688,1.4332117159758961
2012-09-13,0.0176606763212717,0.0088235294117565,CHF,-0.2024400030771832,2012,109.74340736226502,90.93254441063688,1.605930233905922
2012-10-24,0.0044416494851734,0.0,CHF,-0.1499732471779782,2012,109.74340736226502,90.93254441063688,0.40389048906701264
2012-12-12,0.004519987343823,0.0040789473684173,CHF,0.5048616985879757,2012,109.74340736226502,90.93254441063688,0.41101394987770157
2013-01-30,0.0038080451107533,0.0050000000000096,CHF,1.003279953139378,2013,98.10076569876776,79.28990274713962,0.3019395264883497
2013-03-20,0.0085203327254647,0.0,CHF,0.2222340720979588,2013,98.10076569876776,79.28990274713962,0.6755763531753672
2013-05-01,0.0047427845607502,0.0,CHF,0.3231716698263229,2013,98.10076569876776,79.28990274713962,0.37605492657251866
2013-06-19,0.0090085083826874,0.0,CHF,-0.0652954642852817,2013,98.10076569876776,79.28990274713962,0.7142837535600759
2013-07-31,0.0042259661583059,0.0,CHF,0.1506834856202318,2013,98.10076569876776,79.28990274713962,0.33507644570477807
2013-09-18,-0.0035151722454645,0.0,CHF,0.0647738336368531,2013,98.10076569876776,79.28990274713962,-0.2787176654823246
2013-10-30,0.0075123706626131,0.0,CHF,0.2006018726865743,2013,98.10076569876776,79.28990274713962,0.5956551392390576
2013-12-18,0.0058421408391694,0.0,CHF,-0.0225453726577807,2013,98.10076569876776,79.28990274713962,0.46322277897283437
2014-01-29,0.0070645253769001,0.0,CHF,0.4015173808258787,2014,79.38203595752896,60.57117300590082,0.4279065888087926
2014-03-19,0.0148599812679333,0.0,CHF,-0.0457404238963918,2014,79.38203595752896,60.57117300590082,0.9000864962444333
2014-04-30,0.0068244514553151,0.0,CHF,0.5100606127587797,2014,79.38203595752896,60.57117300590082,0.41336502977026257
2014-06-18,0.0109188121277117,0.0,CHF,0.2447981638640112,2014,79.38203595752896,60.57117300590082,0.6613652584065535
2014-07-30,0.0021622085364156,0.0,CHF,-0.308302380295218,2014,79.38203595752896,60.57117300590082,0.1309675073340649
2014-09-17,0.0150134351447968,0.0,CHF,-0.3429799718048832,2014,79.38203595752896,60.57117300590082,0.9093813775683586
2014-10-29,0.0176404592139643,0.0,CHF,0.116309820143421,2014,79.38203595752896,60.57117300590082,1.0685033069525687
2014-12-17,-0.0259095047790474,-0.0055357142857406,CHF,-0.7778911807944792,2014,79.38203595752896,60.57117300590082,-1.569369096468894
2015-01-28,0.0021442992637392,0.0,CHF,-0.1436702462963218,2015,70.07563029054023,51.264767338912094,0.10992700286059058
2015-03-18,-0.0347104680105268,-0.0119230769230998,CHF,0.8803578266759522,2015,70.07563029054023,51.264767338912094,-1.7794240667844075
2015-04-29,0.0048207585881479,-0.0049999999999954,CHF,1.9052227432008115,2015,70.07563029054023,51.264767338912094,0.24713506741846444
2015-06-17,-0.0180357370783715,-0.0115384615384836,CHF,0.5699859492428644,2015,70.07563029054023,51.264767338912094,-0.9245978651085051
2015-07-29,0.0007774617598076,-0.0049999999999954,CHF,0.0830392408106887,2015,70.07563029054023,51.264767338912094,0.039856396231437774
2015-09-17,-0.0353233026490292,-0.0576923076923206,CHF,-0.2268276052442285,2015,70.07563029054023,51.264767338912094,-1.8108408919444592
2015-10-28,0.0278863450059916,-0.0050000000000096,CHF,-0.0,2015,70.07563029054023,51.264767338912094,1.4295869886647925
2015-12-16,0.0190186421992981,0.0206666666666772,CHF,0.697924240947391,2015,70.07563029054023,51.264767338912094,0.9749862674490326
2016-01-27,-0.0100129752298742,-0.0050000000000096,CHF,0.127670039438186,2016,67.45140442332811,48.640541471699976,-0.4870365369238006
2016-03-16,-0.0447174101107624,-0.015500000000015,CHF,-0.273681180404551,2016,67.45140442332811,48.640541471699976,-2.175079040999554
2016-04-27,0.0130580771678584,-0.0050000000000096,CHF,0.0308912116960038,2016,67.45140442332811,48.640541471699976,0.6351519440238751
2016-06-15,-0.0196647300337884,0.0,CHF,-0.0725877565962283,2016,67.45140442332811,48.640541471699976,-0.9565031167382688
2016-07-27,0.0083998625015665,-0.0100000000000051,CHF,-0.1208459361568548,2016,67.45140442332811,48.640541471699976,0.4085738603640228
2016-09-21,-0.0140997003846475,-0.0416666666666286,CHF,0.2354266914710386,2016,67.45140442332811,48.640541471699976,-0.6858170612979908
2016-11-02,0.0084836442153226,-0.0053571428571379,CHF,0.9132483563272586,2016,67.45140442332811,48.640541471699976,0.4126490482865465
2016-12-14,0.0278630701095855,0.0,CHF,0.1879606825324513,2016,67.45140442332811,48.640541471699976,1.3552748171941775
2017-02-01,-0.0073924725151894,-0.0051851851851804,CHF,-0.4238577341746293,2017,85.42774622725165,66.61688327562351,-0.4924634786626272
2017-03-15,-0.0198771072916542,0.0,CHF,-0.019843238481611,2017,85.42774622725165,66.61688327562351,-1.3241509363051727
2017-05-03,0.0141789980585717,-0.0027678571428545,CHF,-0.0,2017,85.42774622725165,66.61688327562351,0.9445606586331632
2017-06-14,0.0182385502184227,0.0187500000000095,CHF,0.3100136822064392,2017,85.42774622725165,66.61688327562351,1.2149953710172625
2017-07-26,-0.0017682016992021,-0.0049999999999954,CHF,-0.880693467540221,2017,85.42774622725165,66.61688327562351,-0.11779208620350544
2017-09-20,0.0282090026474706,0.0,CHF,0.114315419048081,2017,85.42774622725165,66.61688327562351,1.8791958366883033
2017-11-01,0.0076398115377119,-0.0025862068965493,CHF,-0.4604151862655813,2017,85.42774622725165,66.61688327562351,0.5089404334555154
2017-12-13,0.0037590706788576,0.0043055555555515,CHF,0.3229064359732253,2017,85.42774622725165,66.61688327562351,0.2504175726382756
2018-01-31,0.0094577773659963,-0.0074999999999931,CHF,0.364104064703284,2018,92.99822921552438,74.18736626389624,0.7016475934935553
2018-03-21,0.0030673490276887,0.0,CHF,0.0942951507870347,2018,92.99822921552438,74.18736626389624,0.22755854577634757
2018-05-02,0.0021041905253442,-0.0026724137931009,CHF,-0.2107482339564799,2018,92.99822921552438,74.18736626389624,0.15610435319273042
2018-06-13,0.0150453617748988,-0.0044117647059033,CHF,-0.0304800611961126,2018,92.99822921552438,74.18736626389624,1.1161757645672412
2018-08-01,0.0038436923715133,-0.0025833333333309,CHF,-0.28257158775753,2018,92.99822921552438,74.18736626389624,0.2851534137712011
2018-09-26,0.0062027488421337,0.0100000000000051,CHF,-0.3621880091154354,2018,92.99822921552438,74.18736626389624,0.46016560019433106
2018-11-08,0.0088093356493354,0.0068181818181755,CHF,-0.3494586952097104,2018,92.99822921552438,74.18736626389624,0.6535414103588435
2018-12-19,0.0203843252731822,0.0258333333333465,CHF,0.1209189990139109,2018,92.99822921552438,74.18736626389624,1.5122594050839646
2019-01-30,-0.0068702875218163,0.0,CHF,-0.3811821247025351,2019,105.58129255166646,86.77042960003833,-0.5961377997437831
2019-03-20,-0.0114304027526008,0.0,CHF,0.2703380870448194,2019,105.58129255166646,86.77042960003833,-0.991820957344632
2019-05-01,-0.0168063463862905,-0.0258333333333391,CHF,0.6195623889962745,2019,105.58129255166646,86.77042960003833,-1.4582938959454783
2019-06-19,-0.0347554236608728,0.0545454545454436,CHF,0.3407841325506314,2019,105.58129255166646,86.77042960003833,-3.0157430419852695
2019-07-31,0.0337184701884011,0.0375000000000085,CHF,0.0605754687881907,2019,105.58129255166646,86.77042960003833,2.925766143703649
2019-09-18,0.0268265530608181,0.0343750000000042,CHF,-0.2515724597247148,2019,105.58129255166646,86.77042960003833,2.3277515337754098
2019-10-04,0.0089571821939382,0.0,CHF,0.1605458903939753,2019,105.58129255166646,86.77042960003833,0.7772185469738314
2019-10-30,0.0163512469508232,-0.0099999999999909,CHF,0.2721090114360724,2019,105.58129255166646,86.77042960003833,1.418804722419246
2019-12-11,0.0041059291975144,0.0,CHF,-0.0405926532872641,2019,105.58129255166646,86.77042960003833,0.3562732403756651
2020-01-29,0.0101436556376702,0.0100000000000051,CHF,-0.0923787594563903,2020,84.07904074143408,65.26817778980595,0.662057919598026
2020-03-03,-0.1002935803411909,-0.2601785714285708,CHF,0.1462905172076552,2020,84.07904074143408,65.26817778980595,-6.545979232885034
2020-03-19,-0.0063512895718225,0.0129166666666547,CHF,-1.2261316378361755,2020,84.07904074143408,65.26817778980595,-0.4145370969682514
2020-03-23,-0.012152390350357,-0.009687499999991,CHF,0.4266131406759808,2020,84.07904074143408,65.26817778980595,-0.7931643739582228
2020-03-31,0.0032152962607291,-0.0024999999999977,CHF,-0.2183747553196779,2020,84.07904074143408,65.26817778980595,0.20985652799216517
2020-04-29,-0.0036141284589083,-0.0300000000000011,CHF,-0.0513057319755525,2020,84.07904074143408,65.26817778980595,-0.2358875788112243
2020-06-10,0.0041059291975123,0.0,CHF,0.3907698905088431,2020,84.07904074143408,65.26817778980595,0.26798651685558805
2020-07-29,0.0033490368734794,0.0,CHF,0.3058440396082054,2020,84.07904074143408,65.26817778980595,0.21858553408286932
2020-08-27,0.0054307037680482,0.0,CHF,0.0991025792721325,2020,84.07904074143408,65.26817778980595,0.354452139056739
2020-09-16,0.0043995649398471,0.0,CHF,0.0550509234932536,2020,84.07904074143408,65.26817778980595,0.28715158669173746
2020-11-05,0.0066301076792566,0.0029999999999972,CHF,0.4843157513036853,2020,84.07904074143408,65.26817778980595,0.43273504677527747
2020-12-16,0.0063510416473751,-0.0051666666666619,CHF,-0.0225733635270092,2020,84.07904074143408,65.26817778980595,0.41452091539134006
2021-01-27,0.0094840404266222,0.0,CHF,-0.1125492521734558,2021,105.05903517708792,86.24817222545978,0.8179811521085346
2021-03-17,0.0006266370091781,-0.0110714285714498,CHF,-0.1618385205153263,2021,105.05903517708792,86.24817222545978,0.05404629669043979
2021-04-28,0.0026713600197029,-0.0100000000000051,CHF,0.1095410340665654,2021,105.05903517708792,86.24817222545978,0.23039991905554336
2021-06-16,0.0199673065124721,0.0267857142857202,CHF,-0.0111290412445813,2021,105.05903517708792,86.24817222545978,1.7221436909662384
2021-07-28,0.0068244514553151,0.0,CHF,0.0109475067162822,2021,105.05903517708792,86.24817222545978,0.5885964644623064
2021-09-22,0.0076324076234047,0.0,CHF,0.1300249397621458,2021,105.05903517708792,86.24817222545978,0.6582812071983207
2021-11-03,0.0063698624910797,0.0027777777777752,CHF,0.2627834644807549,2021,105.05903517708792,86.24817222545978,0.5493889971831383
2021-12-15,0.0238408887927261,0.0,CHF,-0.2379151116829765,2021,105.05903517708792,86.24817222545978,2.056233082603075
2022-01-26,0.0012942801622569,-0.0050000000000096,CHF,-0.206443274275873,2022,97.86466912433204,79.0538061727039,0.10231777308023274
2022-03-16,0.0602717645156901,-0.0206666666666772,CHF,0.010621913016518,2022,97.86466912433204,79.0538061727039,4.764712389710218
2022-05-04,-0.0156146659816477,-0.0172222222222228,CHF,-0.4486598736452725,2022,97.86466912433204,79.0538061727039,-1.2343987779646906
2022-06-15,0.0498852378507765,0.0449999999999874,CHF,-0.0499076718449048,2022,97.86466912433204,79.0538061727039,3.9436179239345175
2022-07-27,0.0026549658267917,-0.0150000000000005,CHF,-0.1659407142865514,2022,97.86466912433204,79.0538061727039,0.2098851538663436
2022-09-21,0.054655695433522,-0.024999999999977,CHF,-0.2489627841959798,2022,97.86466912433204,79.0538061727039,4.320740753035986
2022-11-02,-0.0351361076874267,-0.0053571428571379,CHF,0.0700595534836684,2022,97.86466912433204,79.0538061727039,-2.777643046785082
2022-12-14,0.0559791242146778,-0.0022794117647036,CHF,0.3242194561716077,2022,97.86466912433204,79.0538061727039,4.425362835384854
2023-02-01,0.014032377742109,-0.0077777777777706,CHF,0.4254629229374259,2023,84.33050429731684,65.5196413456887,0.9193963568902066
2023-03-22,-0.0189041792985785,0.0258333333333095,CHF,0.0108254397940565,2023,84.33050429731684,65.5196413456887,-1.238595047577456
2023-05-03,0.0138713034564892,0.0138392857142888,CHF,0.6740841163299217,2023,84.33050429731684,65.5196413456887,0.9088428274663843
2023-06-14,0.0533654635353005,-0.0187500000000095,CHF,0.8987577835341358,2023,84.33050429731684,65.5196413456887,3.4964860310793173
2023-07-26,0.0122077356629631,0.0,CHF,0.2200475727215994,2023,84.33050429731684,65.5196413456887,0.7998464622803155
2023-09-20,0.0459762111587796,0.0,CHF,0.2899845886652648,2023,84.33050429731684,65.5196413456887,3.01234486555689
2023-11-01,-0.0022707679661664,-0.0025862068965493,CHF,-0.0329616000347289,2023,84.33050429731684,65.5196413456887,-0.1487799027225015
2023-12-13,-0.0455356220279847,-0.0043055555555515,CHF,-0.0456673144139351,2023,84.33050429731684,65.5196413456887,-2.9834776237263996
2024-01-31,0.0189798297838987,0.0012499999999988,CHF,0.42995824762937,2024,93.1500959248076,74.33923297317946,1.4109459880965358
2024-03-20,-0.0078672537674286,0.0,CHF,-0.3259711760672217,2024,93.1500959248076,74.33923297317946,-0.5848456106759985
2024-05-01,0.0045443938399247,0.0,CHF,-0.2286461881304169,2024,93.1500959248076,74.33923297317946,0.3378267523880439
2024-06-12,0.0182455221618397,0.0,CHF,0.7707382470951484,2024,93.1500959248076,74.33923297317946,1.3563581227063106
2024-07-31,0.0166624695624229,0.0,CHF,0.6232667918265637,2024,93.1500959248076,74.33923297317946,1.2386752067094675
2024-09-18,-0.0714310356297788,-0.1187499999999985,CHF,0.1299545342085503,2024,93.1500959248076,74.33923297317946,-5.31012839919761
2024-11-07,0.0144816547036135,0.0,CHF,0.4232205344844194,2024,93.1500959248076,74.33923297317946,1.0765551028490643
2024-12-18,0.0543358251058351,-0.0059615384615668,CHF,-0.0783567510847289,2024,93.1500959248076,74.33923297317946,4.039283561332609
2025-01-29,0.0179627680688357,0.0049999999999954,CHF,-0.2868492699456397,2025,116.01009926474704,97.1992363131189,1.7459673383605079
2025-03-19,-0.0153788683487746,0.0,CHF,-0.3072898337914027,2025,116.01009926474704,97.1992363131189,-1.494814258860887
2025-05-07,-0.0072564712605612,0.0,CHF,0.3281281427394227,2025,116.01009926474704,97.1992363131189,-0.7053234648546439
2025-06-18,-0.0078696651967995,0.0062499999999943,CHF,-0.4045362550244861,2025,116.01009926474704,97.1992363131189,-0.7649254471688419
2025-07-30,0.0011993830099653,0.0024999999999977,CHF,-0.494377474597241,2025,116.01009926474704,97.1992363131189,0.11657911261555703
2025-09-17,-0.0230503105126839,0.011538461538451,CHF,0.0762001560874085,2025,116.01009926474704,97.1992363131189,-2.240472578613131
2025-10-29,0.0112417470727232,0.0249999999999914,CHF,-0.3903058149718071,2025,116.01009926474704,97.1992363131189,1.092689230293935
2025-12-10,-0.0015137379791926,-0.0036904761904938,CHF,0.4226759152024119,2025,116.01009926474704,97.1992363131189,-0.1471341755556846
1994-02-04,0.0744275381675239,0.1633333333333334,AUD,-0.0699545324085494,1994,-54.08395431128942,-72.89481726291756,-5.425381794050477
1994-03-22,-0.0258252584761284,0.0,AUD,0.0987097309226272,1994,-54.08395431128942,-72.89481726291756,1.8825274973849926
1994-04-18,0.0591938759929221,0.150025,AUD,-0.7636274524988362,1994,-54.08395431128942,-72.89481726291756,-4.3149267735878585
1994-05-17,-0.0190317471128777,0.1107142857142857,AUD,0.2063984220851593,1994,-54.08395431128942,-72.89481726291756,1.3873157279872785
1994-07-06,0.0067695874961795,-0.0496,AUD,0.0413137787326384,1994,-54.08395431128942,-72.89481726291756,-0.49346784347933625
1994-08-16,0.0259658668252987,0.124,AUD,-0.0405213755798074,1994,-54.08395431128942,-72.89481726291756,-1.892777117303402
1994-09-27,-0.0104641166672954,-0.09,AUD,-0.081146880298097,1994,-54.08395431128942,-72.89481726291756,0.762779872280348
1994-11-15,0.0313698031847126,0.12,AUD,0.1994018606864506,1994,-54.08395431128942,-72.89481726291756,-2.2866960707233144
1994-12-20,-0.0177728645255933,-0.2254545454545455,AUD,-0.1546591363828321,1994,-54.08395431128942,-72.89481726291756,1.2955497118317136
1995-02-01,0.0500189942601368,0.0725925925925926,AUD,0.1978240012105707,1995,-51.32544207018237,-70.1363050218105,-3.5081474383131432
1995-03-28,0.0158901020849301,0.0,AUD,0.2891568279799014,1995,-51.32544207018237,-70.1363050218105,-1.1144730466563646
1995-05-23,0.0011983968621848,0.0,AUD,0.0835189358125241,1995,-51.32544207018237,-70.1363050218105,-0.08405112786337372
1995-07-06,-0.1345291155205644,-0.0868,AUD,0.2110447494545982,1995,-51.32544207018237,-70.1363050218105,9.435375080464686
1995-08-22,0.0308076638047787,0.0344444444444444,AUD,0.4333701257118305,1995,-51.32544207018237,-70.1363050218105,-2.16073570562135
1995-09-26,0.041687990606095,0.02,AUD,-0.2538920318881473,1995,-51.32544207018237,-70.1363050218105,-2.92384162489545
1995-11-15,0.0145515593635155,0.06,AUD,-0.7049920739218862,1995,-51.32544207018237,-70.1363050218105,-1.0205926060625057
1995-12-19,-0.0303627968401148,-0.0775,AUD,0.0405049624115927,1995,-51.32544207018237,-70.1363050218105,2.129534380493556
1996-01-31,-0.0137158500126284,-0.0300000000000011,AUD,0.3499330623352552,1996,-53.511032754476474,-72.32189570610461,0.9919562741338848
1996-03-26,0.0173036122147537,0.019999999999996,AUD,-0.1293661241220269,1996,-53.511032754476474,-72.32189570610461,-1.251430037934295
1996-05-21,0.0160890644403414,0.0154999999999857,AUD,-0.2142002960992572,1996,-53.511032754476474,-72.32189570610461,-1.163591640463167
1996-07-03,-0.0074615753342424,-0.0608928571428646,AUD,-0.1790281808093738,1996,-53.511032754476474,-72.32189570610461,0.5396352731263215
1996-08-20,0.0059763798586063,-0.0281818181818325,AUD,-0.4821732473307272,1996,-53.511032754476474,-72.32189570610461,-0.43222312083418907
1996-09-24,-0.0616367818415713,-0.129999999999995,AUD,-0.5445463972242043,1996,-53.511032754476474,-72.32189570610461,4.457688908006042
1996-11-13,-0.0020190345253906,0.0,AUD,-0.2282816463776061,1996,-53.511032754476474,-72.32189570610461,0.1460204043723234
1996-12-17,0.0096665266618053,0.0,AUD,0.3650328176955775,1996,-53.511032754476474,-72.32189570610461,-0.6991015330753625
1997-02-05,0.0073334281837072,-0.0304347826087024,AUD,-0.223053297229019,1997,-52.934505643460895,-71.74536859508903,-0.5261395081056873
1997-03-25,0.0393558906734885,0.0499999999999971,AUD,-0.6757213191118601,1997,-52.934505643460895,-71.74536859508903,-2.8236028827574593
1997-05-20,-0.0341225983579708,-0.0845454545454576,AUD,-0.0129157249130257,1997,-52.934505643460895,-71.74536859508903,2.448138396614795
1997-07-02,0.0043288097349413,-0.0213793103448233,AUD,-0.0531420233046018,1997,-52.934505643460895,-71.74536859508903,-0.3105720500113732
1997-08-19,0.0102564248424448,0.0,AUD,0.3783277043294683,1997,-52.934505643460895,-71.74536859508903,-0.7358509807890301
1997-09-30,0.0027623285176483,-0.0150000000000005,AUD,0.831029713362815,1997,-52.934505643460895,-71.74536859508903,-0.1981842776794032
1997-12-16,0.0093705409212869,0.0,AUD,-1.1642288363402178,1997,-52.934505643460895,-71.74536859508903,-0.6722929123330937
1998-02-04,0.018684862485998,0.0350000000000012,AUD,-0.1906578270581669,1998,-49.584681937128664,-68.3955448887568,-1.2779613509013241
1998-03-31,0.0029104188782698,-0.0049999999999954,AUD,-0.2718213694205394,1998,-49.584681937128664,-68.3955448887568,-0.19905968503378732
1998-05-19,-0.0058758645830149,-0.0387500000000013,AUD,0.2408285662647445,1998,-49.584681937128664,-68.3955448887568,0.4018829598478519
1998-07-01,-0.0170800803862638,-0.0051666666666666,AUD,-0.290369618441283,1998,-49.584681937128664,-68.3955448887568,1.1682014047622804
1998-08-18,0.0151214113801669,0.0119230769230998,AUD,0.2191689320373016,1998,-49.584681937128664,-68.3955448887568,-1.0342371708335631
1998-09-29,0.0275930243523054,0.0549999999999926,AUD,1.8922679835496272,1998,-49.584681937128664,-68.3955448887568,-1.8872399357046636
1998-10-15,-0.1122924702372589,-0.1646875000000153,AUD,0.2538877910906638,1998,-49.584681937128664,-68.3955448887568,7.6803046887818285
1998-11-17,0.0087820155198661,-0.0692307692307717,AUD,-0.6599646832742474,1998,-49.584681937128664,-68.3955448887568,-0.6006507367027608
1998-12-22,0.002601771407222,-0.0172222222222063,AUD,-0.406009489929836,1998,-49.584681937128664,-68.3955448887568,-0.17794957307293627
1999-02-03,0.0102289071471053,0.0056000000000107,AUD,0.2184769907733318,1999,-52.25781176815809,-71.06867471978623,-0.7269548747765232
1999-03-30,-0.009325201125341,0.0,AUD,-0.8417424431646712,1999,-52.25781176815809,-71.06867471978623,0.662729685473444
1999-05-18,0.0697687615283003,0.0,AUD,0.643377696215387,1999,-52.25781176815809,-71.06867471978623,-4.95837341865711
1999-06-30,-0.0552790317790168,-0.0449999999999874,AUD,0.4700183014215122,1999,-52.25781176815809,-71.06867471978623,3.928607528327671
1999-08-24,0.007594159331784,0.0375000000000085,AUD,0.1728337298801223,1999,-52.25781176815809,-71.06867471978623,-0.5397068393207862
1999-10-05,0.0370156262936671,-0.047692307692315,AUD,0.3927497495670384,1999,-52.25781176815809,-71.06867471978623,-2.6306515046137937
1999-11-16,0.0662025322516916,0.0535714285714405,AUD,-0.7761603696077473,1999,-52.25781176815809,-71.06867471978623,-4.704926230221628
1999-12-21,0.0253247056639662,0.0154999999999857,AUD,0.2646121864649949,1999,-52.25781176815809,-71.06867471978623,-1.799793269206742
2000-02-02,0.0029688750090123,-0.0537037037037006,AUD,0.7100621549576427,2000,-52.29675065545566,-71.10761360708379,-0.21110961698857406
2000-03-21,0.0068786515124237,-0.0310000000000158,AUD,0.5754228783251928,2000,-52.29675065545566,-71.10761360708379,-0.489124493883207
2000-05-16,0.0395344686208438,0.041333333333325,AUD,0.5906896952571175,2000,-52.29675065545566,-71.10761360708379,-2.81120171885234
2000-06-28,-0.0157440790026368,-0.019999999999996,AUD,0.1828002170856053,2000,-52.29675065545566,-71.10761360708379,1.1195238863188988
2000-08-22,0.0151885007450896,0.0172222222222063,AUD,-1.5053311964282938,2000,-52.29675065545566,-71.10761360708379,-1.0800180422527355
2000-10-03,0.0270379442984846,0.0,AUD,-0.9216655104924047,2000,-52.29675065545566,-71.10761360708379,-1.9226036959064972
2000-11-15,0.0087077276290527,0.0,AUD,0.2501685130369127,2000,-52.29675065545566,-71.10761360708379,-0.6191857316424073
2000-12-19,0.0178112185884117,0.0516666666666563,AUD,0.3501984963198966,2000,-52.29675065545566,-71.10761360708379,-1.2665132492560878
2001-01-03,-0.1082948922109102,-0.3874999999999937,AUD,0.7660142560230403,2001,-51.43267668686005,-70.24353963848819,7.607016553662876
2001-01-31,0.009902018536813,0.0300000000000011,AUD,0.1095490341436948,2001,-51.43267668686005,-70.24353963848819,-0.6955528315916688
2001-03-20,-0.0325439847016355,0.0563636363636251,AUD,0.2604950876915833,2001,-51.43267668686005,-70.24353963848819,2.2860046793836863
2001-04-18,-0.2644372616610349,-0.4625000000000055,AUD,-1.294194270900729,2001,-51.43267668686005,-70.24353963848819,18.575009271380175
2001-05-15,-0.083030443689485,-0.0968749999999943,AUD,0.2506508590790131,2001,-51.43267668686005,-70.24353963848819,5.832352262503601
2001-06-27,0.0535505197786259,0.1050000000000039,AUD,-0.3855054889952673,2001,-51.43267668686005,-70.24353963848819,-3.761578058731554
2001-08-21,-0.0351414913650395,0.02635,AUD,-0.4896431628230787,2001,-51.43267668686005,-70.24353963848819,2.4684627416557428
2001-09-17,-0.0431136324714348,-0.2134615384615738,AUD,-2.6531968024372383,2001,-51.43267668686005,-70.24353963848819,3.0284541514664416
2001-10-02,-0.0321891117637858,-0.0374137931034445,AUD,0.6075352830037187,2001,-51.43267668686005,-70.24353963848819,2.2610771481072143
2001-11-06,-0.0959269518636082,-0.1468750000000085,AUD,1.0777022107686407,2001,-51.43267668686005,-70.24353963848819,6.73824864563071
2001-12-11,-0.0348675156122902,-0.0077500000000148,AUD,-0.0388424941764405,2001,-51.43267668686005,-70.24353963848819,2.4492177150075123
2002-01-30,0.02165034786024,0.0200000000000102,AUD,-1.5686596167699474,2002,-46.91341811619949,-65.72428106782762,-1.422953547982654
2002-03-19,-0.0373964534956888,-0.0387500000000013,AUD,-0.190839752576039,2002,-46.91341811619949,-65.72428106782762,2.4578550204905953
2002-05-07,-0.013856029250814,0.0,AUD,0.3332102305508265,2002,-46.91341811619949,-65.72428106782762,0.9106775609645403
2002-06-26,0.010187602799154,0.0,AUD,-1.2215784375293632,2002,-46.91341811619949,-65.72428106782762,-0.6695728697789849
2002-08-13,-0.050824427787682,0.0344444444444375,AUD,-0.2042143102723169,2002,-46.91341811619949,-65.72428106782762,3.3403989770291203
2002-09-24,-0.0002908117502467,0.019999999999996,AUD,-0.0367242016613462,2002,-46.91341811619949,-65.72428106782762,0.019113393211040997
2002-11-06,-0.0577278947152216,-0.2031250000000106,AUD,-0.0,2002,-46.91341811619949,-65.72428106782762,3.794124377717185
2002-12-10,0.0177830212466575,0.0,AUD,-0.6236100387710168,2002,-46.91341811619949,-65.72428106782762,-1.1687762866504678
2003-01-29,0.0316433529565666,0.0050000000000096,AUD,0.3560834623009069,2003,-49.98967804326718,-68.80054099489531,-2.1770798023042026
2003-03-18,0.0048725423419934,0.023846153846166,AUD,0.0843953126301655,2003,-49.98967804326718,-68.80054099489531,-0.3352335491496802
2003-05-06,-0.0402968328970085,0.0309999999999893,AUD,0.6286363622160183,2003,-49.98967804326718,-68.80054099489531,2.772443903695079
2003-06-25,0.0900951411777218,0.125,AUD,1.5137044361845085,2003,-49.98967804326718,-68.80054099489531,-6.198594454038729
2003-08-12,-0.0131519587647913,0.0,AUD,-0.2736811804045289,2003,-49.98967804326718,-68.80054099489531,0.9048618781601966
2003-09-16,0.005971558443264,0.0,AUD,-0.7076744131251371,2003,-49.98967804326718,-68.80054099489531,-0.41084645147919807
2003-10-28,-0.0391110184725099,0.0,AUD,0.184541183751015,2003,-49.98967804326718,-68.80054099489531,2.690859229770025
2003-12-09,0.0221387824187949,0.0,AUD,-0.0540540553701862,2003,-49.98967804326718,-68.80054099489531,-1.5231602073813661
2004-01-28,0.0833938107012925,0.0,AUD,-0.2180466457442,2004,-51.69625372309052,-70.50711667471866,-5.879857141065432
2004-03-16,-0.0247975114294568,0.0103333333333238,AUD,0.8401133422487618,2004,-51.69625372309052,-70.50711667471866,1.74840103159938
2004-05-04,0.0088940327664341,-0.011481481481471,AUD,1.1876952208522509,2004,-51.69625372309052,-70.50711667471866,-0.6270926059717399
2004-06-30,-0.0102482345756715,-0.0099999999999909,AUD,0.6349227678658892,2004,-51.69625372309052,-70.50711667471866,0.7225734709367564
2004-08-10,0.0304191917501907,0.0147619047619122,AUD,-0.2373142734472115,2004,-51.69625372309052,-70.50711667471866,-2.144769501881335
2004-09-21,-0.0026558898886302,0.0,AUD,0.0713419449535491,2004,-51.69625372309052,-70.50711667471866,0.18725913825285506
2004-11-10,-0.0103477802622292,0.0,AUD,-0.3418806748785682,2004,-51.69625372309052,-70.50711667471866,0.729592150273345
2004-12-14,-0.0016196409545244,0.0,AUD,-0.3430535096789222,2004,-51.69625372309052,-70.50711667471866,0.11419621375180457
2005-02-02,0.0024149323253281,-0.0053846153846104,AUD,0.1811125980190889,2005,-53.68666979600466,-72.49753274763279,-0.17507663533879092
2005-03-22,0.0446555386805955,0.0,AUD,0.6588974674320955,2005,-53.68666979600466,-72.49753274763279,-3.2374163778596547
2005-05-03,0.0197608024591601,0.0,AUD,-0.7596766077996632,2005,-53.68666979600466,-72.49753274763279,-1.4326094234024618
2005-06-30,0.0308555789795998,-0.0025000000000119,AUD,-0.0918454437062992,2005,-53.68666979600466,-72.49753274763279,-2.236953347520706
2005-08-09,-0.004972125919385,-0.007045454545448,AUD,-0.6687233994103078,2005,-53.68666979600466,-72.49753274763279,0.36046686166596786
2005-09-20,0.0268847743224489,0.0450000000000015,AUD,0.2863839499638237,2005,-53.68666979600466,-72.49753274763279,-1.9490798068544564
2005-11-01,0.0125495322925041,-0.0051724137931133,AUD,-0.3884540414795412,2005,-53.68666979600466,-72.49753274763279,-0.9098101283432911
2005-12-13,-0.009928467202524,-0.0086111111111276,AUD,-0.1192132070452976,2005,-53.68666979600466,-72.49753274763279,0.7197893761487817
2006-01-31,0.0251938571475752,0.0099999999999909,AUD,0.9954292826151336,2006,-55.11666261514097,-73.9275255667691,-1.862519518402894
2006-03-28,0.0360945094088016,0.0049999999999954,AUD,0.4242687738789981,2006,-55.11666261514097,-73.9275255667691,-2.668377767139168
2006-05-10,0.0368911752143715,0.0,AUD,0.5036492857275142,2006,-55.11666261514097,-73.9275255667691,-2.7272732988486075
2006-06-29,-0.0242857417897403,-0.0150000000000005,AUD,0.4383568663257652,2006,-55.11666261514097,-73.9275255667691,1.795384797068979
2006-08-08,-0.0129906958878952,-0.0471739130434928,AUD,-0.3673098711861506,2006,-55.11666261514097,-73.9275255667691,0.9603700023824947
2006-09-20,0.0150310820727831,0.0,AUD,0.0662998101591423,2006,-55.11666261514097,-73.9275255667691,-1.1112107042318773
2006-10-25,0.0007263979157513,-0.0049999999999954,AUD,0.2502141293578935,2006,-55.11666261514097,-73.9275255667691,-0.053700800488352025
2006-12-12,-0.0103973231270163,0.0,AUD,0.0637470538575754,2006,-55.11666261514097,-73.9275255667691,0.7686483712984572
2007-01-31,0.0014143171230512,-0.0049999999999954,AUD,0.2069323035367757,2007,-56.89010708854374,-75.70097004017188,-0.10706517815940099
2007-03-21,-0.0417216424647526,0.0,AUD,-0.0124758280992559,2007,-56.89010708854374,-75.70097004017188,3.1583688062509996
2007-05-09,0.0295434024263583,0.007045454545448,AUD,0.0966066975267524,2007,-56.89010708854374,-75.70097004017188,-2.236464221962491
2007-06-28,0.0136373343855182,0.0,AUD,1.0216292231233652,2007,-56.89010708854374,-75.70097004017188,-1.032359441745919
2007-08-07,-0.0062992313776068,0.0064583333333457,AUD,-0.3388843441848883,2007,-56.89010708854374,-75.70097004017188,0.476857925792323
2007-08-10,0.0039472379436131,0.0147619047618913,AUD,-1.0237190068730946,2007,-56.89010708854374,-75.70097004017188,-0.29880974131088495
2007-08-17,-0.0029669647555415,-0.0221428571428684,AUD,0.3429227974738525,2007,-56.89010708854374,-75.70097004017188,0.224602110069493
2007-09-18,-0.1144828105894901,-0.2125000000000198,AUD,0.4193883086721089,2007,-56.89010708854374,-75.70097004017188,8.666459814549663
2007-10-31,0.0422841905987063,-0.019999999999996,AUD,0.9319529957756246,2007,-56.89010708854374,-75.70097004017188,-3.2009542456855833
2007-12-11,0.02829942572256,0.0310000000000158,AUD,0.429476247842457,2007,-56.89010708854374,-75.70097004017188,-2.1422939787775843
2008-01-30,-0.0674737352269174,-0.1099999999999994,AUD,-0.02248707002954,2008,-56.788661569386846,-75.59952452101498,5.100982300811814
2008-03-11,0.0596933766501375,0.0852499999999885,AUD,0.7815083735246907,2008,-56.788661569386846,-75.59952452101498,-4.512790891804253
2008-03-18,0.0358692911861361,0.1073076923076964,AUD,0.9428409047634772,2008,-56.788661569386846,-75.59952452101498,-2.7117013585777228
2008-04-30,-0.0405592744455346,-0.0600000000000022,AUD,0.7673489640233601,2008,-56.788661569386846,-75.59952452101498,3.0662618629997698
2008-06-25,-0.0230711842002055,-0.0100000000000051,AUD,-0.3453150504021045,2008,-56.788661569386846,-75.59952452101498,1.744170555672289
2008-08-05,-0.0114499186596415,-0.0059615384615499,AUD,-1.538825337046524,2008,-56.788661569386846,-75.59952452101498,0.8656084064731946
2008-09-16,0.0789327169296685,0.1124999999999889,AUD,-1.7604549790027677,2008,-56.788661569386846,-75.59952452101498,-5.967275869034808
2008-10-08,-0.0178137266591618,-0.1314130434782562,AUD,-7.56869086201854,2008,-56.788661569386846,-75.59952452101498,1.3467092653799608
2008-10-29,-0.0364570970280909,-0.0500000000000113,AUD,6.666557596970291,2008,-56.788661569386846,-75.59952452101498,2.7561392007401806
2008-12-16,-0.1484460483994251,-0.1498333333333439,AUD,0.9193421809150044,2008,-56.788661569386846,-75.59952452101498,11.222450676020115
2009-01-28,1.726730850573139e-05,0.0049999999999954,AUD,1.4585628095129155,2009,-56.25639749138851,-75.06726044301665,-0.0012962095447496549
2009-03-18,-0.0223012381406051,0.0,AUD,-0.0303490138899763,2009,-56.25639749138851,-75.06726044301665,1.6740928517025395
2009-04-29,0.0142231259046974,0.0,AUD,3.1446934770651516,2009,-56.25639749138851,-75.06726044301665,-1.0676910966017366
2009-06-24,0.0286829965218453,0.0,AUD,1.5946097193495423,2009,-56.25639749138851,-75.06726044301665,-2.153153970191502
2009-08-12,-0.0068523782491418,0.0,AUD,0.4450064472843479,2009,-56.25639749138851,-75.06726044301665,0.5143892626823899
2009-09-23,-0.0470684800287334,-0.0099999999999909,AUD,-0.160384958197462,2009,-56.25639749138851,-75.06726044301665,3.533301848973858
2009-11-04,-0.00818519581219,-0.0057692307692418,AUD,1.128830047768766,2009,-56.25639749138851,-75.06726044301665,0.614440225810756
2009-12-16,0.0047189015977683,-0.0258333333333391,AUD,-0.5752228250201038,2009,-56.25639749138851,-75.06726044301665,-0.3542350152446404
2010-01-27,0.0226497591448366,-0.0050000000000096,AUD,0.2009377769189455,2010,-59.526590090415375,-78.3374530420435,-1.7743244434222325
2010-03-16,-0.0171565109496542,-0.0103333333333238,AUD,0.3394473557769069,2010,-59.526590090415375,-78.3374530420435,1.343997370883841
2010-04-28,-0.0003822216180214,0.0,AUD,0.5437751300128882,2010,-59.526590090415375,-78.3374530420435,0.029942268053405312
2010-06-23,0.0068538514109983,0.0050000000000096,AUD,-0.5932704223634109,2010,-59.526590090415375,-78.3374530420435,-0.5369132630662229
2010-08-10,-0.0078555016939911,0.0036904761904937,AUD,-0.920251893116192,2010,-59.526590090415375,-78.3374530420435,0.615379995074721
2010-09-21,0.0016542459066742,0.0,AUD,-0.042207450241454,2010,-59.526590090415375,-78.3374530420435,-0.12958941103408284
2010-11-03,0.0084042541215947,0.0083333333333256,AUD,-0.2304956675142822,2010,-59.526590090415375,-78.3374530420435,-0.6583678626038254
2010-12-14,0.0068727939550825,0.0045588235294075,AUD,0.5616865318897857,2010,-59.526590090415375,-78.3374530420435,-0.5383971737239158
2011-01-26,0.0001406063965718,-0.0049999999999954,AUD,0.3827177599261716,2011,-55.444589414814814,-74.25545236644295,-0.010440791583054481
2011-03-15,0.0089312427035794,-0.0048437499999955,AUD,-1.7323819819999993,2011,-55.444589414814814,-74.25545236644295,-0.6631934671487814
2011-04-27,-0.0051213064027277,0.0,AUD,0.1669604320690824,2011,-55.444589414814814,-74.25545236644295,0.380284923641706
2011-06-22,0.0081492260258507,0.0,AUD,0.3297068598378644,2011,-55.444589414814814,-74.25545236644295,-0.6051244649859339
2011-08-09,-0.0108965483739286,-0.007045454545468,AUD,-1.5480034571805417,2011,-55.444589414814814,-74.25545236644295,0.8091281287388966
2011-09-21,0.0499586161372513,0.0083333333333256,AUD,-0.8194368357544198,2011,-55.444589414814814,-74.25545236644295,-3.709699640873072
2011-11-02,0.0095940375571741,0.0,AUD,0.6193168624121261,2011,-55.444589414814814,-74.25545236644295,-0.7124095988286061
2011-12-13,0.0099287089010361,0.0043055555555515,AUD,0.3770593869982859,2011,-55.444589414814814,-74.25545236644295,-0.7372607708611643
2012-01-25,-0.0038676267929878,-0.0050000000000096,AUD,0.1050069305594828,2012,-55.03809136994179,-73.84895432156992,0.285620194368236
2012-03-13,0.0129494151782184,0.0,AUD,0.4755120705010476,2012,-55.03809136994179,-73.84895432156992,-0.9563007699872949
2012-04-25,0.0036097490215746,0.0,AUD,0.3295854088553234,2012,-55.03809136994179,-73.84895432156992,-0.2665761906065943
2012-06-20,0.0168084765825005,0.0075000000000356,AUD,-0.0196174596019011,2012,-55.03809136994179,-73.84895432156992,-1.241288419356257
2012-08-01,0.0157612626509574,0.0155000000000005,AUD,-0.0380228141463027,2012,-55.03809136994179,-73.84895432156992,-1.163952765560819
2012-09-13,0.0176606763212717,0.0088235294117565,AUD,-0.038273849859627,2012,-55.03809136994179,-73.84895432156992,-1.3042224789376253
2012-10-24,0.0044416494851734,0.0,AUD,0.8356053284305776,2012,-55.03809136994179,-73.84895432156992,-0.328011169942995
2012-12-12,0.004519987343823,0.0040789473684173,AUD,0.1994586784647282,2012,-55.03809136994179,-73.84895432156992,-0.3337963388880589
2013-01-30,0.0038080451107533,0.0050000000000096,AUD,-0.4212951462993162,2013,-54.989674623175034,-73.80053757480317,-0.28103577628269444
2013-03-20,0.0085203327254647,0.0,AUD,0.2505783886314253,2013,-54.989674623175034,-73.80053757480317,-0.6288051354554828
2013-05-01,0.0047427845607502,0.0,AUD,-0.8423344571497299,2013,-54.989674623175034,-73.80053757480317,-0.35002005018484145
2013-06-19,0.0090085083826874,0.0,AUD,0.4519425423332479,2013,-54.989674623175034,-73.80053757480317,-0.6648327613894508
2013-07-31,0.0042259661583059,0.0,AUD,-1.1433770561829708,2013,-54.989674623175034,-73.80053757480317,-0.31187857425590115
2013-09-18,-0.0035151722454645,0.0,AUD,-0.2138123542793029,2013,-54.989674623175034,-73.80053757480317,0.25942160138330805
2013-10-30,0.0075123706626131,0.0,AUD,-0.0737268978574882,2013,-54.989674623175034,-73.80053757480317,-0.5544169933620271
2013-12-18,0.0058421408391694,0.0,AUD,-0.2136392559353293,2013,-54.989674623175034,-73.80053757480317,-0.4311531345184134
2014-01-29,0.0070645253769001,0.0,AUD,-0.079849431037807,2014,-53.52522098955481,-72.33608394118295,-0.5110201006680627
2014-03-19,0.0148599812679333,0.0,AUD,-0.3399685239655587,2014,-53.52522098955481,-72.33608394118295,-1.0749128523616294
2014-04-30,0.0068244514553151,0.0,AUD,0.1725253824527545,2014,-53.52522098955481,-72.33608394118295,-0.49365409332420124
2014-06-18,0.0109188121277117,0.0,AUD,-0.0,2014,-53.52522098955481,-72.33608394118295,-0.7898241106081599
2014-07-30,0.0021622085364156,0.0,AUD,-0.6740516613842765,2014,-53.52522098955481,-72.33608394118295,-0.15640569818850117
2014-09-17,0.0150134351447968,0.0,AUD,-0.7503897492945586,2014,-53.52522098955481,-72.33608394118295,-1.0860131048795274
2014-10-29,0.0176404592139643,0.0,AUD,0.6309169193264609,2014,-53.52522098955481,-72.33608394118295,-1.2760417384623357
2014-12-17,-0.0259095047790474,-0.0055357142857406,AUD,-0.5734170534095796,2014,-53.52522098955481,-72.33608394118295,1.8741921125716534
2015-01-28,0.0021442992637392,0.0,AUD,0.4273510777381938,2015,-54.059863800109234,-72.87072675173737,-0.15625664572189085
2015-03-18,-0.0347104680105268,-0.0119230769230998,AUD,0.4977741480658952,2015,-54.059863800109234,-72.87072675173737,2.5293770298200196
2015-04-29,0.0048207585881479,-0.0049999999999954,AUD,0.5969424516357613,2015,-54.059863800109234,-72.87072675173737,-0.3512921818130168
2015-06-17,-0.0180357370783715,-0.0115384615384836,AUD,-1.1154460660064602,2015,-54.059863800109234,-72.87072675173737,1.3142772684041875
2015-07-29,0.0007774617598076,-0.0049999999999954,AUD,-0.2460362094050209,2015,-54.059863800109234,-72.87072675173737,-0.05665420345886449
2015-09-17,-0.0353233026490292,-0.0576923076923206,AUD,-0.544200045348527,2015,-54.059863800109234,-72.87072675173737,2.5740347353063275
2015-10-28,0.0278863450059916,-0.0050000000000096,AUD,-1.2521031694308304,2015,-54.059863800109234,-72.87072675173737,-2.0320982270362897
2015-12-16,0.0190186421992981,0.0206666666666772,AUD,0.4310651185808931,2015,-54.059863800109234,-72.87072675173737,-1.3859022788941133
2016-01-27,-0.0100129752298742,-0.0050000000000096,AUD,0.9801910994318498,2016,-60.0289112224271,-78.83977417405524,0.7894207059336907
2016-03-16,-0.0447174101107624,-0.015500000000015,AUD,-0.4026851079035445,2016,-60.0289112224271,-78.83977417405524,3.525510514781122
2016-04-27,0.0130580771678584,-0.0050000000000096,AUD,-1.917241641296589,2016,-60.0289112224271,-78.83977417405524,-1.0294958550613431
2016-06-15,-0.0196647300337884,0.0,AUD,0.5960461970466195,2016,-60.0289112224271,-78.83977417405524,1.550362875057639
2016-07-27,0.0083998625015665,-0.0100000000000051,AUD,-0.7478667335549537,2016,-60.0289112224271,-78.83977417405524,-0.6622432627166175
2016-09-21,-0.0140997003846475,-0.0416666666666286,AUD,0.4887401578576396,2016,-60.0289112224271,-78.83977417405524,1.1116171942474486
2016-11-02,0.0084836442153226,-0.0053571428571379,AUD,0.1043977649301071,2016,-60.0289112224271,-78.83977417405524,-0.6688485941090638
2016-12-14,0.0278630701095855,0.0,AUD,0.2399041534466219,2016,-60.0289112224271,-78.83977417405524,-2.1967181552355894
2017-02-01,-0.0073924725151894,-0.0051851851851804,AUD,-0.2376866297932105,2017,-60.88352254259155,-79.69438549421969,0.5891385543809278
2017-03-15,-0.0198771072916542,0.0,AUD,0.2373418835663794,2017,-60.88352254259155,-79.69438549421969,1.5840938510110547
2017-05-03,0.0141789980585717,-0.0027678571428545,AUD,-0.9616743006493996,2017,-60.88352254259155,-79.69438549421969,-1.1299865372016056
2017-06-14,0.0182385502184227,0.0187500000000095,AUD,1.042294547100791,2017,-60.88352254259155,-79.69438549421969,-1.4535100519626634
2017-07-26,-0.0017682016992021,-0.0049999999999954,AUD,-0.3402435391250707,2017,-60.88352254259155,-79.69438549421969,0.14091574784774644
2017-09-20,0.0282090026474706,0.0,AUD,0.6963470067904736,2017,-60.88352254259155,-79.69438549421969,-2.2480991313949854
2017-11-01,0.0076398115377119,-0.0025862068965493,AUD,0.1042752962055159,2017,-60.88352254259155,-79.69438549421969,-0.6088500857895994
2017-12-13,0.0037590706788576,0.0043055555555515,AUD,0.7258362450322843,2017,-60.88352254259155,-79.69438549421969,-0.29957682778089567
2018-01-31,0.0094577773659963,-0.0074999999999931,AUD,-0.0867141584221505,2018,-58.79152448798255,-77.60238743961068,-0.7339461034736254
2018-03-21,0.0030673490276887,0.0,AUD,0.2207936477203357,2018,-58.79152448798255,-77.60238743961068,-0.2380336076592116
2018-05-02,0.0021041905253442,-0.0026724137931009,AUD,0.1734605812208307,2018,-58.79152448798255,-77.60238743961068,-0.16329020839451855
2018-06-13,0.0150453617748988,-0.0044117647059033,AUD,-0.0394451388981536,2018,-58.79152448798255,-77.60238743961068,-1.1675559936248052
2018-08-01,0.0038436923715133,-0.0025833333333309,AUD,-0.4851761538914051,2018,-58.79152448798255,-77.60238743961068,-0.2982797046128511
2018-09-26,0.0062027488421337,0.0100000000000051,AUD,0.1240438447249032,2018,-58.79152448798255,-77.60238743961068,-0.4813481188378559
2018-11-08,0.0088093356493354,0.0068181818181755,AUD,0.0549148833130461,2018,-58.79152448798255,-77.60238743961068,-0.6836254781453
2018-12-19,0.0203843252731822,0.0258333333333465,AUD,-0.0,2018,-58.79152448798255,-77.60238743961068,-1.581872307544533
2019-01-30,-0.0068702875218163,0.0,AUD,0.6552829303571885,2019,-57.412030346803775,-76.22289329843191,0.523673192704952
2019-03-20,-0.0114304027526008,0.0,AUD,-0.1973221218116492,2019,-57.412030346803775,-76.22289329843191,0.8712583693695932
2019-05-01,-0.0168063463862905,-0.0258333333333391,AUD,-0.0284131270557465,2019,-57.412030346803775,-76.22289329843191,1.2810283473387074
2019-06-19,-0.0347554236608728,0.0545454545454436,AUD,-0.0291078447696372,2019,-57.412030346803775,-76.22289329843191,2.6491589492445033
2019-07-31,0.0337184701884011,0.0375000000000085,AUD,0.232558244347541,2019,-57.412030346803775,-76.22289329843191,-2.5701193553568547
2019-09-18,0.0268265530608181,0.0343750000000042,AUD,-0.2043498010781562,2019,-57.412030346803775,-76.22289329843191,-2.04479749151946
2019-10-04,0.0089571821939382,0.0,AUD,0.1923788976600338,2019,-57.412030346803775,-76.22289329843191,-0.6827423426231657
2019-10-30,0.0163512469508232,-0.0099999999999909,AUD,0.1456240245696334,2019,-57.412030346803775,-76.22289329843191,-1.246339351628907
2019-12-11,0.0041059291975144,0.0,AUD,0.7311042946886268,2019,-57.412030346803775,-76.22289329843191,-0.3129658031130563
2020-01-29,0.0101436556376702,0.0100000000000051,AUD,-0.133362989315053,2020,-50.41349855537032,-69.22436150699845,-0.7021880848645847
2020-03-03,-0.1002935803411909,-0.2601785714285708,AUD,1.4154410271154927,2020,-50.41349855537032,-69.22436150699845,6.942759062369792
2020-03-19,-0.0063512895718225,0.0129166666666547,AUD,0.6678678819305102,2020,-50.41349855537032,-69.22436150699845,0.43966396535547014
2020-03-23,-0.012152390350357,-0.009687499999991,AUD,-1.4832972884326323,2020,-50.41349855537032,-69.22436150699845,0.8412414627872724
2020-03-31,0.0032152962607291,-0.0024999999999977,AUD,-0.0976880572638906,2020,-50.41349855537032,-69.22436150699845,-0.22257683070481157
2020-04-29,-0.0036141284589083,-0.0300000000000011,AUD,0.5677038645489905,2020,-50.41349855537032,-69.22436150699845,0.25018573497219937
2020-06-10,0.0041059291975123,0.0,AUD,0.5727392517662865,2020,-50.41349855537032,-69.22436150699845,-0.2842303270907315
2020-07-29,0.0033490368734794,0.0,AUD,0.0977039647826612,2020,-50.41349855537032,-69.22436150699845,-0.2318349392300058
2020-08-27,0.0054307037680482,0.0,AUD,0.5247905981438667,2020,-50.41349855537032,-69.22436150699845,-0.3759370008767872
2020-09-16,0.0043995649398471,0.0,AUD,0.546748218213339,2020,-50.41349855537032,-69.22436150699845,-0.30455707386949155
2020-11-05,0.0066301076792566,0.0029999999999972,AUD,1.009899985292729,2020,-50.41349855537032,-69.22436150699845,-0.4589649708191854
2020-12-16,0.0063510416473751,-0.0051666666666619,AUD,0.1322751515616287,2020,-50.41349855537032,-69.22436150699845,-0.43964680294389685
2021-01-27,0.0094840404266222,0.0,AUD,-0.7394468407736751,2021,-53.538506686357614,-72.34936963798575,-0.6861643464872896
2021-03-17,0.0006266370091781,-0.0110714285714498,AUD,-0.504626806762444,2021,-53.538506686357614,-72.34936963798575,-0.045336792605868224
2021-04-28,0.0026713600197029,-0.0100000000000051,AUD,-0.0900727076273979,2021,-53.538506686357614,-72.34936963798575,-0.19327121350162202
2021-06-16,0.0199673065124721,0.0267857142857202,AUD,0.4678979162791107,2021,-53.538506686357614,-72.34936963798575,-1.444622039545804
2021-07-28,0.0068244514553151,0.0,AUD,-0.2582049406271581,2021,-53.538506686357614,-72.34936963798575,-0.49374476091708197
2021-09-22,0.0076324076234047,0.0,AUD,0.3309434901367253,2021,-53.538506686357614,-72.34936963798575,-0.552199880373487
2021-11-03,0.0063698624910797,0.0027777777777752,AUD,0.013459855999872,2021,-53.538506686357614,-72.34936963798575,-0.4608555359102659
2021-12-15,0.0238408887927261,0.0,AUD,0.3092496139041391,2021,-53.538506686357614,-72.34936963798575,-1.7248732757630525
2022-01-26,0.0012942801622569,-0.0050000000000096,AUD,0.4054531943813533,2022,-38.022217663937674,-56.833080615565805,-0.073557928800674
2022-03-16,0.0602717645156901,-0.0206666666666772,AUD,0.761407430116888,2022,-38.022217663937674,-56.833080615565805,-3.425430051562614
2022-05-04,-0.0156146659816477,-0.0172222222222228,AUD,0.6458882324581907,2022,-38.022217663937674,-56.833080615565805,0.8874295705201167
2022-06-15,0.0498852378507765,0.0449999999999874,AUD,0.8820822141264009,2022,-38.022217663937674,-56.833080615565805,-2.835131744299855
2022-07-27,0.0026549658267917,-0.0150000000000005,AUD,-0.2597404057685471,2022,-38.022217663937674,-56.833080615565805,-0.150889886865625
2022-09-21,0.054655695433522,-0.024999999999977,AUD,-0.6434739748739453,2022,-38.022217663937674,-56.833080615565805,-3.1062515446731678
2022-11-02,-0.0351361076874267,-0.0053571428571379,AUD,0.3124026283333032,2022,-38.022217663937674,-56.833080615565805,1.996893240716723
2022-12-14,0.0559791242146778,-0.0022794117647036,AUD,-0.1165331522990757,2022,-38.022217663937674,-56.833080615565805,-3.1814660792815554
2023-02-01,0.014032377742109,-0.0077777777777706,AUD,0.2408444884540017,2023,-37.56207964800634,-56.37294259963447,-0.7910464249922989
2023-03-22,-0.0189041792985785,0.0258333333333095,AUD,0.5098226667225544,2023,-37.56207964800634,-56.37294259963447,1.065684214491964
2023-05-03,0.0138713034564892,0.0138392857142888,AUD,0.0749344358780723,2023,-37.56207964800634,-56.37294259963447,-0.7819661935347769
2023-06-14,0.0533654635353005,-0.0187500000000095,AUD,0.8230499136515703,2023,-37.56207964800634,-56.37294259963447,-3.0083682126783815
2023-07-26,0.0122077356629631,0.0,AUD,-0.5167207186100863,2023,-37.56207964800634,-56.37294259963447,-0.6881859817997295
2023-09-20,0.0459762111587796,0.0,AUD,0.6328646576128303,2023,-37.56207964800634,-56.37294259963447,-2.591814312602556
2023-11-01,-0.0022707679661664,-0.0025862068965493,AUD,0.488382223188933,2023,-37.56207964800634,-56.37294259963447,0.12800987221378718
2023-12-13,-0.0455356220279847,-0.0043055555555515,AUD,0.3347538122999051,2023,-37.56207964800634,-56.37294259963447,2.5669770068222326
2024-01-31,0.0189798297838987,0.0012499999999988,AUD,0.0757862863101916,2024,-30.494167308890034,-49.305030260518166,-0.9358010818346093
2024-03-20,-0.0078672537674286,0.0,AUD,0.0612557446412696,2024,-30.494167308890034,-49.305030260518166,0.3878951850702426
2024-05-01,0.0045443938399247,0.0,AUD,0.0924072143377998,2024,-30.494167308890034,-49.305030260518166,-0.22406147579319968
2024-06-12,0.0182455221618397,0.0,AUD,1.5490196184643907,2024,-30.494167308890034,-49.305030260518166,-0.8995960223084613
2024-07-31,0.0166624695624229,0.0,AUD,-0.0305997554407328,2024,-30.494167308890034,-49.305030260518166,-0.8215435659902239
2024-09-18,-0.0714310356297788,-0.1187499999999985,AUD,0.1035886145164981,2024,-30.494167308890034,-49.305030260518166,3.521909373266395
2024-11-07,0.0144816547036135,0.0,AUD,1.4799424445939209,2024,-30.494167308890034,-49.305030260518166,-0.7140184233840389
2024-12-18,0.0543358251058351,-0.0059615384615668,AUD,-0.5853983966946466,2024,-30.494167308890034,-49.305030260518166,-2.679029501073422
2025-01-29,0.0179627680688357,0.0049999999999954,AUD,-0.3046094539681114,2025,-24.34098181104785,-43.151844762675985,-0.7751265792143512
2025-03-19,-0.0153788683487746,0.0,AUD,-0.3941047112480245,2025,-24.34098181104785,-43.151844762675985,0.6636265396119527
2025-05-07,-0.0072564712605612,0.0,AUD,-0.4169568236725052,2025,-24.34098181104785,-43.151844762675985,0.3131301213605566
2025-06-18,-0.0078696651967995,0.0062499999999943,AUD,0.0767165361753195,2025,-24.34098181104785,-43.151844762675985,0.339590570906526
2025-07-30,0.0011993830099653,0.0024999999999977,AUD,-0.8795674327288108,2025,-24.34098181104785,-43.151844762675985,-0.05175558945701369
2025-09-17,-0.0230503105126839,0.011538461538451,AUD,-0.1498576632915326,2025,-24.34098181104785,-43.151844762675985,0.994663420974814
2025-10-29,0.0112417470727232,0.0249999999999914,AUD,0.4243073497280959,2025,-24.34098181104785,-43.151844762675985,-0.4851021245434187
2025-12-10,-0.0015137379791926,-0.0036904761904938,AUD,-0.1654757805195676,2025,-24.34098181104785,-43.151844762675985,0.06532058628948594
1994-02-04,0.0744275381675239,0.1633333333333334,CAD,-0.4883372463315913,1994,-49.94092299362246,-68.75178594525059,-5.117026172525572
1994-03-22,-0.0258252584761284,0.0,CAD,-0.1684550147503649,1994,-49.94092299362246,-68.75178594525059,1.7755326427315483
1994-04-18,0.0591938759929221,0.150025,CAD,-0.2595718524281614,1994,-49.94092299362246,-68.75178594525059,-4.0696846915350875
1994-05-17,-0.0190317471128777,0.1107142857142857,CAD,-0.2468599235190789,1994,-49.94092299362246,-68.75178594525059,1.3084666036687085
1994-07-06,0.0067695874961795,-0.0496,CAD,0.3028120554671493,1994,-49.94092299362246,-68.75178594525059,-0.46542123047497785
1994-08-16,0.0259658668252987,0.124,CAD,0.0434814123815673,1994,-49.94092299362246,-68.75178594525059,-1.7851997178558199
1994-09-27,-0.0104641166672954,-0.09,CAD,-0.0371043750314735,1994,-49.94092299362246,-68.75178594525059,0.7194267092160224
1994-11-15,0.0313698031847126,0.12,CAD,-0.3969134207504702,1994,-49.94092299362246,-68.75178594525059,-2.156729993700001
1994-12-20,-0.0177728645255933,-0.2254545454545455,CAD,-0.035859002786804,1994,-49.94092299362246,-68.75178594525059,1.2219161774975282
1995-02-01,0.0500189942601368,0.0725925925925926,CAD,-0.1205631152029515,1995,-44.83101936014727,-63.641882311775404,-3.1833029460569957
1995-03-28,0.0158901020849301,0.0,CAD,-0.1283514152247051,1995,-44.83101936014727,-63.641882311775404,-1.0112760068112185
1995-05-23,0.0011983968621848,0.0,CAD,-0.0,1995,-44.83101936014727,-63.641882311775404,-0.07626823206596596
1995-07-06,-0.1345291155205644,-0.0868,CAD,0.0730033613967348,1995,-44.83101936014727,-63.641882311775404,8.561686137466998
1995-08-22,0.0308076638047787,0.0344444444444444,CAD,0.1030548490175611,1995,-44.83101936014727,-63.641882311775404,-1.960657714164469
1995-09-26,0.041687990606095,0.02,CAD,0.0297132671923126,1995,-44.83101936014727,-63.641882311775404,-2.6531021919674966
1995-11-15,0.0145515593635155,0.06,CAD,-0.147634189360323,1995,-44.83101936014727,-63.641882311775404,-0.9260886284656669
1995-12-19,-0.0303627968401148,-0.0775,CAD,-0.065380845741872,1995,-44.83101936014727,-63.641882311775404,1.9323455431549323
1996-01-31,-0.0137158500126284,-0.0300000000000011,CAD,0.2325751466263329,1996,-41.17469441549776,-59.98555736712589,0.8227529077714153
1996-03-26,0.0173036122147537,0.019999999999996,CAD,-0.0660235507972971,1996,-41.17469441549776,-59.98555736712589,-1.0379668231666084
1996-05-21,0.0160890644403414,0.0154999999999857,CAD,0.087393494747364,1996,-41.17469441549776,-59.98555736712589,-0.9651114979694843
1996-07-03,-0.0074615753342424,-0.0608928571428646,CAD,0.1981870212322126,1996,-41.17469441549776,-59.98555736712589,0.447586755261329
1996-08-20,0.0059763798586063,-0.0281818181818325,CAD,-0.0,1996,-41.17469441549776,-59.98555736712589,-0.3584964768561639
1996-09-24,-0.0616367818415713,-0.129999999999995,CAD,-0.1023990727275826,1996,-41.17469441549776,-59.98555736712589,3.6973167130825986
1996-11-13,-0.0020190345253906,0.0,CAD,0.1124058719276322,1996,-41.17469441549776,-59.98555736712589,0.12111291134902562
1996-12-17,0.0096665266618053,0.0,CAD,-0.0219563070373668,1996,-41.17469441549776,-59.98555736712589,-0.5798519896125738
1997-02-05,0.0073334281837072,-0.0304347826087024,CAD,0.0074457391791981,1997,-38.65295341247687,-57.463816364105,-0.4214067704679026
1997-03-25,0.0393558906734885,0.0499999999999971,CAD,0.0072571573746413,1997,-38.65295341247687,-57.463816364105,-2.261539674507136
1997-05-20,-0.0341225983579708,-0.0845454545454576,CAD,-0.2184201814840985,1997,-38.65295341247687,-57.463816364105,1.960814725908545
1997-07-02,0.0043288097349413,-0.0213793103448233,CAD,0.2393647100877795,1997,-38.65295341247687,-57.463816364105,-0.2487499276838169
1997-08-19,0.0102564248424448,0.0,CAD,-0.4598039568727672,1997,-38.65295341247687,-57.463816364105,-0.5893733136984926
1997-09-30,0.0027623285176483,-0.0150000000000005,CAD,0.1734605812208307,1997,-38.65295341247687,-57.463816364105,-0.1587339386754723
1997-12-16,0.0093705409212869,0.0,CAD,-0.1757531472828009,1997,-38.65295341247687,-57.463816364105,-0.5384670427331617
1998-02-04,0.018684862485998,0.0350000000000012,CAD,0.2829246616925135,1998,-32.41314834849796,-51.224011300126094,-0.9571136071240636
1998-03-31,0.0029104188782698,-0.0049999999999954,CAD,0.3168458908413332,1998,-32.41314834849796,-51.224011300126094,-0.14908332950859254
1998-05-19,-0.0058758645830149,-0.0387500000000013,CAD,-0.0344839480640413,1998,-32.41314834849796,-51.224011300126094,0.30098535379836594
1998-07-01,-0.0170800803862638,-0.0051666666666666,CAD,0.401702667831746,1998,-32.41314834849796,-51.224011300126094,0.874910230713039
1998-08-18,0.0151214113801669,0.0119230769230998,CAD,-0.2751574063093317,1998,-32.41314834849796,-51.224011300126094,-0.7745793474115246
1998-09-29,0.0275930243523054,0.0549999999999926,CAD,0.6242134618481711,1998,-32.41314834849796,-51.224011300126094,-1.4134253912271464
1998-10-15,-0.1122924702372589,-0.1646875000000153,CAD,0.0129332643739548,1998,-32.41314834849796,-51.224011300126094,5.752070764352423
1998-11-17,0.0087820155198661,-0.0692307692307717,CAD,0.4059676291205826,1998,-32.41314834849796,-51.224011300126094,-0.44985006222750384
1998-12-22,0.002601771407222,-0.0172222222222063,CAD,-0.2320784950884911,1998,-32.41314834849796,-51.224011300126094,-0.1332731679638847
1999-02-03,0.0102289071471053,0.0056000000000107,CAD,-0.072705644499571,1999,-22.529121460916834,-41.339984412544965,-0.42286286201870293
1999-03-30,-0.009325201125341,0.0,CAD,-0.0,1999,-22.529121460916834,-41.339984412544965,0.3855036691654437
1999-05-18,0.0697687615283003,0.0,CAD,-0.0136930028969473,1999,-22.529121460916834,-41.339984412544965,-2.8842395140625015
1999-06-30,-0.0552790317790168,-0.0449999999999874,CAD,0.1695202982668331,1999,-22.529121460916834,-41.339984412544965,2.2852343120851324
1999-08-24,0.007594159331784,0.0375000000000085,CAD,-0.0,1999,-22.529121460916834,-41.339984412544965,-0.31394242840233344
1999-10-05,0.0370156262936671,-0.047692307692315,CAD,0.0680272135077628,1999,-22.529121460916834,-41.339984412544965,-1.5302254140007874
1999-11-16,0.0662025322516916,0.0535714285714405,CAD,-0.3271094643603147,1999,-22.529121460916834,-41.339984412544965,-2.736811651355936
1999-12-21,0.0253247056639662,0.0154999999999857,CAD,0.027030679986182,1999,-22.529121460916834,-41.339984412544965,-1.046922937400652
2000-02-02,0.0029688750090123,-0.0537037037037006,CAD,0.2283500974953124,2000,-11.080711894888982,-29.891574846517116,-0.08874434954184535
2000-03-21,0.0068786515124237,-0.0310000000000158,CAD,0.2792441794125333,2000,-11.080711894888982,-29.891574846517116,-0.2056137265267212
2000-05-16,0.0395344686208438,0.041333333333325,CAD,0.2352230662178411,2000,-11.080711894888982,-29.891574846517116,-1.181747527797235
2000-06-28,-0.0157440790026368,-0.019999999999996,CAD,-0.0876512883545015,2000,-11.080711894888982,-29.891574846517116,0.4706153158967965
2000-08-22,0.0151885007450896,0.0172222222222063,CAD,0.060973546145674,2000,-11.080711894888982,-29.891574846517116,-0.4540082068282268
2000-10-03,0.0270379442984846,0.0,CAD,0.3182182478462831,2000,-11.080711894888982,-29.891574846517116,-0.8082067356941132
2000-11-15,0.0087077276290527,0.0,CAD,-0.4199650817902283,2000,-11.080711894888982,-29.891574846517116,-0.26028769216691383
2000-12-19,0.0178112185884117,0.0516666666666563,CAD,0.22314113085071,2000,-11.080711894888982,-29.891574846517116,-0.5324053735431853
2001-01-03,-0.1082948922109102,-0.3874999999999937,CAD,-0.1268993324408768,2001,-5.694566631452051,-24.505429583080186,2.6538128552817186
2001-01-31,0.009902018536813,0.0300000000000011,CAD,-0.0667111432345863,2001,-5.694566631452051,-24.505429583080186,-0.24265321798422568
2001-03-20,-0.0325439847016355,0.0563636363636251,CAD,0.5557521730092493,2001,-5.694566631452051,-24.505429583080186,0.7975043254587675
2001-04-18,-0.2644372616610349,-0.4625000000000055,CAD,-0.7483963673789124,2001,-5.694566631452051,-24.505429583080186,6.48014869477704
2001-05-15,-0.083030443689485,-0.0968749999999943,CAD,0.3093383919320235,2001,-5.694566631452051,-24.505429583080186,2.0346966910845796
2001-06-27,0.0535505197786259,0.1050000000000039,CAD,-0.2242892951598341,2001,-5.694566631452051,-24.505429583080186,-1.3122784915724597
2001-08-21,-0.0351414913650395,0.02635,CAD,-0.1873930308319686,2001,-5.694566631452051,-24.505429583080186,0.861157342090396
2001-09-17,-0.0431136324714348,-0.2134615384615738,CAD,-0.2872923098370287,2001,-5.694566631452051,-24.505429583080186,1.0565180845995448
2001-10-02,-0.0321891117637858,-0.0374137931034445,CAD,0.6224218252381875,2001,-5.694566631452051,-24.505429583080186,0.7888080116693509
2001-11-06,-0.0959269518636082,-0.1468750000000085,CAD,0.1254075910532826,2001,-5.694566631452051,-24.505429583080186,2.3507311640131734
2001-12-11,-0.0348675156122902,-0.0077500000000148,CAD,0.0380131783594093,2001,-5.694566631452051,-24.505429583080186,0.8544434485739265
2002-01-30,0.02165034786024,0.0200000000000102,CAD,-0.0440071675916812,2002,-8.417921790579605,-27.22878474220774,-0.5895126614803929
2002-03-19,-0.0373964534956888,-0.0387500000000013,CAD,0.2395814776901705,2002,-8.417921790579605,-27.22878474220774,1.0182599823560925
2002-05-07,-0.013856029250814,0.0,CAD,-0.1274291347968369,2002,-8.417921790579605,-27.22878474220774,0.3772828378521484
2002-06-26,0.010187602799154,0.0,CAD,0.0460087424725158,2002,-8.417921790579605,-27.22878474220774,-0.2773960436572773
2002-08-13,-0.050824427787682,0.0344444444444375,CAD,0.5159740083741389,2002,-8.417921790579605,-27.22878474220774,1.3838874038766749
2002-09-24,-0.0002908117502467,0.019999999999996,CAD,-0.0693984444748123,2002,-8.417921790579605,-27.22878474220774,0.007918450547972073
2002-11-06,-0.0577278947152216,-0.2031250000000106,CAD,-0.1476773198496334,2002,-8.417921790579605,-27.22878474220774,1.5718604188216008
2002-12-10,0.0177830212466575,0.0,CAD,0.0192141416673442,2002,-8.417921790579605,-27.22878474220774,-0.4842100575913438
2003-01-29,0.0316433529565666,0.0050000000000096,CAD,0.8106208995818802,2003,-13.809313332134815,-32.62017628376295,-1.0322117516525342
2003-03-18,0.0048725423419934,0.023846153846166,CAD,0.3173212668399702,2003,-13.809313332134815,-32.62017628376295,-0.1589431901459239
2003-05-06,-0.0402968328970085,0.0309999999999893,CAD,0.3472840940326601,2003,-13.809313332134815,-32.62017628376295,1.3144897927777555
2003-06-25,0.0900951411777218,0.125,CAD,1.3756595907971103,2003,-13.809313332134815,-32.62017628376295,-2.9389193875277955
2003-08-12,-0.0131519587647913,0.0,CAD,-0.0866676350652173,2003,-13.809313332134815,-32.62017628376295,0.42901921338427346
2003-09-16,0.005971558443264,0.0,CAD,-0.2193785157713391,2003,-13.809313332134815,-32.62017628376295,-0.19479328910806476
2003-10-28,-0.0391110184725099,0.0,CAD,-0.0076292199159644,2003,-13.809313332134815,-32.62017628376295,1.2758083172107821
2003-12-09,0.0221387824187949,0.0,CAD,-0.9593688072186914,2003,-13.809313332134815,-32.62017628376295,-0.7221709852089616
2004-01-28,0.0833938107012925,0.0,CAD,-1.294467172954847,2004,-16.166939662053988,-34.97780261368212,-2.916932249912581
2004-03-16,-0.0247975114294568,0.0103333333333238,CAD,-0.0825361142333513,2004,-16.166939662053988,-34.97780261368212,0.8673624600900665
2004-05-04,0.0088940327664341,-0.011481481481471,CAD,0.2769479213495994,2004,-16.166939662053988,-34.97780261368212,-0.3110937225439531
2004-06-30,-0.0102482345756715,-0.0099999999999909,CAD,0.4316767644138064,2004,-16.166939662053988,-34.97780261368212,0.3584607261265501
2004-08-10,0.0304191917501907,0.0147619047619122,CAD,0.1976886288587655,2004,-16.166939662053988,-34.97780261368212,-1.063996484705918
2004-09-21,-0.0026558898886302,0.0,CAD,0.4490909599685169,2004,-16.166939662053988,-34.97780261368212,0.09289719228818133
2004-11-10,-0.0103477802622292,0.0,CAD,-0.2256865587849971,2004,-16.166939662053988,-34.97780261368212,0.3619426155020088
2004-12-14,-0.0016196409545244,0.0,CAD,-0.7379508816149581,2004,-16.166939662053988,-34.97780261368212,0.05665148161239016
2005-02-02,0.0024149323253281,-0.0053846153846104,CAD,-0.0241808730473448,2005,-12.140240456628494,-30.95110340825663,-0.07474482012517165
2005-03-22,0.0446555386805955,0.0,CAD,0.7709243635838277,2005,-12.140240456628494,-30.95110340825663,-1.382138195454515
2005-05-03,0.0197608024591601,0.0,CAD,0.087673858881887,2005,-12.140240456628494,-30.95110340825663,-0.6116186403435961
2005-06-30,0.0308555789795998,-0.0025000000000119,CAD,0.057098578165346,2005,-12.140240456628494,-30.95110340825663,-0.955014215719223
2005-08-09,-0.004972125919385,-0.007045454545448,CAD,-0.0659195805017379,2005,-12.140240456628494,-30.95110340825663,0.1538927834897582
2005-09-20,0.0268847743224489,0.0450000000000015,CAD,-0.1111348693141346,2005,-12.140240456628494,-30.95110340825663,-0.8321134301617584
2005-11-01,0.0125495322925041,-0.0051724137931133,CAD,0.2631468773703867,2005,-12.140240456628494,-30.95110340825663,-0.38842187171055026
2005-12-13,-0.009928467202524,-0.0086111111111276,CAD,-0.0781826908607856,2005,-12.140240456628494,-30.95110340825663,0.3072970150708047
2006-01-31,0.0251938571475752,0.0099999999999909,CAD,0.061191487551243,2006,-12.592773402201535,-31.40363635382967,-0.7911787282127839
2006-03-28,0.0360945094088016,0.0049999999999954,CAD,-0.0940935016601268,2006,-12.592773402201535,-31.40363635382967,-1.133498847843889
2006-05-10,0.0368911752143715,0.0,CAD,0.154356048261863,2006,-12.592773402201535,-31.40363635382967,-1.1585170510975369
2006-06-29,-0.0242857417897403,-0.0150000000000005,CAD,0.7501374700302662,2006,-12.592773402201535,-31.40363635382967,0.7626606037480089
2006-08-08,-0.0129906958878952,-0.0471739130434928,CAD,-0.1876256972132669,2006,-12.592773402201535,-31.40363635382967,0.4079550896466513
2006-09-20,0.0150310820727831,0.0,CAD,-0.3822057005977531,2006,-12.592773402201535,-31.40363635382967,-0.47203063541824875
2006-10-25,0.0007263979157513,-0.0049999999999954,CAD,0.1953819449252643,2006,-12.592773402201535,-31.40363635382967,-0.022811535994433627
2006-12-12,-0.0103973231270163,0.0,CAD,-0.6255450459062627,2006,-12.592773402201535,-31.40363635382967,0.32651375453408304
2007-01-31,0.0014143171230512,-0.0049999999999954,CAD,0.1863933438062642,2007,-4.183021508843663,-22.993884460471797,-0.03252064451790617
2007-03-21,-0.0417216424647526,0.0,CAD,0.5168860577665315,2007,-4.183021508843663,-22.993884460471797,0.959342626335635
2007-05-09,0.0295434024263583,0.007045454545448,CAD,-0.1356790945782778,2007,-4.183021508843663,-22.993884460471797,-0.6793175819609049
2007-06-28,0.0136373343855182,0.0,CAD,0.8434123653610901,2007,-4.183021508843663,-22.993884460471797,-0.3135752912094246
2007-08-07,-0.0062992313776068,0.0064583333333457,CAD,-0.379759309525934,2007,-4.183021508843663,-22.993884460471797,0.14484379848646933
2007-08-10,0.0039472379436131,0.0147619047618913,CAD,0.2653526955030016,2007,-4.183021508843663,-22.993884460471797,-0.09076233321342991
2007-08-17,-0.0029669647555415,-0.0221428571428684,CAD,1.1127329735285838,2007,-4.183021508843663,-22.993884460471797,0.06822204478721319
2007-09-18,-0.1144828105894901,-0.2125000000000198,CAD,0.7107765671755458,2007,-4.183021508843663,-22.993884460471797,2.6324045194048127
2007-10-31,0.0422841905987063,-0.019999999999996,CAD,0.3993699475266999,2007,-4.183021508843663,-22.993884460471797,-0.9722777931312204
2007-12-11,0.02829942572256,0.0310000000000158,CAD,-0.0395843646930324,2007,-4.183021508843663,-22.993884460471797,-0.6507137253622483
2008-01-30,-0.0674737352269174,-0.1099999999999994,CAD,0.4218144247722681,2008,-11.781212089818741,-30.592075041446876,2.0641615713885746
2008-03-11,0.0596933766501375,0.0852499999999885,CAD,0.2207949512000712,2008,-11.781212089818741,-30.592075041446876,-1.826144257958359
2008-03-18,0.0358692911861361,0.1073076923076964,CAD,0.3916650751241224,2008,-11.781212089818741,-30.592075041446876,-1.0973160476497845
2008-04-30,-0.0405592744455346,-0.0600000000000022,CAD,0.3560834623008846,2008,-11.781212089818741,-30.592075041446876,1.2407923674644332
2008-06-25,-0.0230711842002055,-0.0100000000000051,CAD,0.0098672850245359,2008,-11.781212089818741,-30.592075041446876,0.7057953983477302
2008-08-05,-0.0114499186596415,-0.0059615384615499,CAD,-0.6737272837317658,2008,-11.781212089818741,-30.592075041446876,0.3502767708542156
2008-09-16,0.0789327169296685,0.1124999999999889,CAD,-0.6259655138336544,2008,-11.781212089818741,-30.592075041446876,-2.4147155995377028
2008-10-08,-0.0178137266591618,-0.1314130434782562,CAD,-1.7129695560600462,2008,-11.781212089818741,-30.592075041446876,0.5449588627249006
2008-10-29,-0.0364570970280909,-0.0500000000000113,CAD,5.071598584889788,2008,-11.781212089818741,-30.592075041446876,1.1152982480766667
2008-12-16,-0.1484460483994251,-0.1498333333333439,CAD,0.9110198033637528,2008,-11.781212089818741,-30.592075041446876,4.541272652241467
2009-01-28,1.726730850573139e-05,0.0049999999999954,CAD,1.6073824831061134,2009,-8.718661595671502,-27.529524547299637,-0.0004753607933743281
2009-03-18,-0.0223012381406051,0.0,CAD,0.0157282164526767,2009,-8.718661595671502,-27.529524547299637,0.6139424828269631
2009-04-29,0.0142231259046974,0.0,CAD,1.8972770709187856,2009,-8.718661595671502,-27.529524547299637,-0.39155589373270044
2009-06-24,0.0286829965218453,0.0,CAD,0.825409786375839,2009,-8.718661595671502,-27.529524547299637,-0.7896292568382502
2009-08-12,-0.0068523782491418,0.0,CAD,1.0246178743996186,2009,-8.718661595671502,-27.529524547299637,0.1886427152171313
2009-09-23,-0.0470684800287334,-0.0099999999999909,CAD,-0.3644012441595586,2009,-8.718661595671502,-27.529524547299637,1.2957728763550989
2009-11-04,-0.00818519581219,-0.0057692307692418,CAD,0.5340841929421469,2009,-8.718661595671502,-27.529524547299637,0.2253345490361388
2009-12-16,0.0047189015977683,-0.0258333333333391,CAD,0.4056417995569821,2009,-8.718661595671502,-27.529524547299637,-0.1299091173720539
2010-01-27,0.0226497591448366,-0.0050000000000096,CAD,0.1125386970504914,2010,-14.303850074491647,-33.11471302611978,-0.7500402741919961
2010-03-16,-0.0171565109496542,-0.0103333333333238,CAD,0.6777023433292488,2010,-14.303850074491647,-33.11471302611978,0.5681329366272806
2010-04-28,-0.0003822216180214,0.0,CAD,0.4336263816397533,2010,-14.303850074491647,-33.11471302611978,0.012657159193157833
2010-06-23,0.0068538514109983,0.0050000000000096,CAD,-1.8358050410754043,2010,-14.303850074491647,-33.11471302611978,-0.22696332259887483
2010-08-10,-0.0078555016939911,0.0036904761904937,CAD,-0.785915848470216,2010,-14.303850074491647,-33.11471302611978,0.2601326842727131
2010-09-21,0.0016542459066742,0.0,CAD,-0.3301935601748144,2010,-14.303850074491647,-33.11471302611978,-0.05477987847414946
2010-11-03,0.0084042541215947,0.0083333333333256,CAD,0.0792550071206448,2010,-14.303850074491647,-33.11471302611978,-0.27830446343519283
2010-12-14,0.0068727939550825,0.0045588235294075,CAD,0.0697037618463381,2010,-14.303850074491647,-33.11471302611978,-0.22759059951020777
2011-01-26,0.0001406063965718,-0.0049999999999954,CAD,0.3009331190709428,2011,-17.729314724240737,-36.540177675868875,-0.005137782713097252
2011-03-15,0.0089312427035794,-0.0048437499999955,CAD,-0.7453196991141773,2011,-17.729314724240737,-36.540177675868875,-0.32634919525509876
2011-04-27,-0.0051213064027277,0.0,CAD,-0.4407604994691395,2011,-17.729314724240737,-36.540177675868875,0.18713344588823505
2011-06-22,0.0081492260258507,0.0,CAD,-0.0308530881246368,2011,-17.729314724240737,-36.540177675868875,-0.29777416690539943
2011-08-09,-0.0108965483739286,-0.007045454545468,CAD,-0.0404408053231793,2011,-17.729314724240737,-36.540177675868875,0.39816181363705117
2011-09-21,0.0499586161372513,0.0083333333333256,CAD,-0.6329452988921468,2011,-17.729314724240737,-36.540177675868875,-1.8254967100956925
2011-11-02,0.0095940375571741,0.0,CAD,0.7380107297622646,2011,-17.729314724240737,-36.540177675868875,-0.3505678369681006
2011-12-13,0.0099287089010361,0.0043055555555515,CAD,-0.0972952012926787,2011,-17.729314724240737,-36.540177675868875,-0.36279678733583987
2012-01-25,-0.0038676267929878,-0.0050000000000096,CAD,-0.2275538948765475,2012,-17.073613363823988,-35.88447631545212,0.13878776204997875
2012-03-13,0.0129494151782184,0.0,CAD,0.2923536534644386,2012,-17.073613363823988,-35.88447631545212,-0.4646829822617344
2012-04-25,0.0036097490215746,0.0,CAD,0.3446531541405798,2012,-17.073613363823988,-35.88447631545212,-0.1295339532694202
2012-06-20,0.0168084765825005,0.0075000000000356,CAD,-0.1570937976481317,2012,-17.073613363823988,-35.88447631545212,-0.6031633798235707
2012-08-01,0.0157612626509574,0.0155000000000005,CAD,-0.0299535721874124,2012,-17.073613363823988,-35.88447631545212,-0.565584656299901
2012-09-13,0.0176606763212717,0.0088235294117565,CAD,0.0205023065812989,2012,-17.073613363823988,-35.88447631545212,-0.6337441211655404
2012-10-24,0.0044416494851734,0.0,CAD,-0.1106695620776751,2012,-17.073613363823988,-35.88447631545212,-0.159386265752245
2012-12-12,0.004519987343823,0.0040789473684173,CAD,0.1318391753258224,2012,-17.073613363823988,-35.88447631545212,-0.1621973787855598
2013-01-30,0.0038080451107533,0.0050000000000096,CAD,-0.0398763837404616,2013,-19.714508909917043,-38.52537186154518,-0.14670635395730988
2013-03-20,0.0085203327254647,0.0,CAD,0.038948393871137,2013,-19.714508909917043,-38.52537186154518,-0.32824898663262037
2013-05-01,0.0047427845607502,0.0,CAD,-0.109154066903216,2013,-19.714508909917043,-38.52537186154518,-0.18271753886209666
2013-06-19,0.0090085083826874,0.0,CAD,0.2157286578949059,2013,-19.714508909917043,-38.52537186154518,-0.34705613536087904
2013-07-31,0.0042259661583059,0.0,CAD,0.0485932270604698,2013,-19.714508909917043,-38.52537186154518,-0.16280691772304032
2013-09-18,-0.0035151722454645,0.0,CAD,-0.2135715790928008,2013,-19.714508909917043,-38.52537186154518,0.13542331791390264
2013-10-30,0.0075123706626131,0.0,CAD,-0.0861285282201057,2013,-19.714508909917043,-38.52537186154518,-0.28941687333893223
2013-12-18,0.0058421408391694,0.0,CAD,-0.3199099453989675,2013,-19.714508909917043,-38.52537186154518,-0.22507064829652074
2014-01-29,0.0070645253769001,0.0,CAD,0.008970621221533,2014,-1.4268248733945894,-20.237687825022725,-0.14296965920965524
2014-03-19,0.0148599812679333,0.0,CAD,-0.7904469432395493,2014,-1.4268248733945894,-20.237687825022725,-0.3007316619861195
2014-04-30,0.0068244514553151,0.0,CAD,0.0638715291571402,2014,-1.4268248733945894,-20.237687825022725,-0.13811111812968901
2014-06-18,0.0109188121277117,0.0,CAD,-0.1749459495047428,2014,-1.4268248733945894,-20.237687825022725,-0.22097151126070155
2014-07-30,0.0021622085364156,0.0,CAD,-0.5239223345271546,2014,-1.4268248733945894,-20.237687825022725,-0.04375810137257819
2014-09-17,0.0150134351447968,0.0,CAD,0.3099929542951484,2014,-1.4268248733945894,-20.237687825022725,-0.3038372136416225
2014-10-29,0.0176404592139643,0.0,CAD,0.367532124532979,2014,-1.4268248733945894,-20.237687825022725,-0.35700210666225524
2014-12-17,-0.0259095047790474,-0.0055357142857406,CAD,-0.0430052042924277,2014,-1.4268248733945894,-20.237687825022725,0.5243484694192957
2015-01-28,0.0021442992637392,0.0,CAD,-0.4023502651675553,2015,1.5840543031300776,-17.226808648498057,-0.03693943310155046
2015-03-18,-0.0347104680105268,-0.0119230769230998,CAD,-0.0156617071580963,2015,1.5840543031300776,-17.226808648498057,0.5979505905171583
2015-04-29,0.0048207585881479,-0.0049999999999954,CAD,0.5505519411829078,2015,1.5840543031300776,-17.226808648498057,-0.08304628573862752
2015-06-17,-0.0180357370783715,-0.0115384615384836,CAD,0.1704891827614977,2015,1.5840543031300776,-17.226808648498057,0.31069819148372724
2015-07-29,0.0007774617598076,-0.0049999999999954,CAD,0.3097656004406726,2015,1.5840543031300776,-17.226808648498057,-0.013393184967730083
2015-09-17,-0.0353233026490292,-0.0576923076923206,CAD,-0.0455131616746593,2015,1.5840543031300776,-17.226808648498057,0.6085077755678105
2015-10-28,0.0278863450059916,-0.0050000000000096,CAD,0.7047886397872577,2015,1.5840543031300776,-17.226808648498057,-0.48039272932421667
2015-12-16,0.0190186421992981,0.0206666666666772,CAD,-0.552046146665001,2015,1.5840543031300776,-17.226808648498057,-0.3276305099215586
2016-01-27,-0.0100129752298742,-0.0050000000000096,CAD,0.1565725179304528,2016,22.46978441641615,3.6589214647880155,-0.03663668999497743
2016-03-16,-0.0447174101107624,-0.015500000000015,CAD,-0.0673677932585891,2016,22.46978441641615,3.6589214647880155,-0.16361749170399717
2016-04-27,0.0130580771678584,-0.0050000000000096,CAD,-0.1821710535084204,2016,22.46978441641615,3.6589214647880155,0.0477784788383354
2016-06-15,-0.0196647300337884,0.0,CAD,-0.6137133265268904,2016,22.46978441641615,3.6589214647880155,-0.07195170281988994
2016-07-27,0.0083998625015665,-0.0100000000000051,CAD,-0.1059482466292497,2016,22.46978441641615,3.6589214647880155,0.03073443720824962
2016-09-21,-0.0140997003846475,-0.0416666666666286,CAD,0.3180134428438432,2016,22.46978441641615,3.6589214647880155,-0.051589696384466574
2016-11-02,0.0084836442153226,-0.0053571428571379,CAD,-0.0747272490311484,2016,22.46978441641615,3.6589214647880155,0.031040987919068543
2016-12-14,0.0278630701095855,0.0,CAD,-0.0304854815256352,2016,22.46978441641615,3.6589214647880155,0.10194878529885575
2017-02-01,-0.0073924725151894,-0.0051851851851804,CAD,-0.4441388723637463,2017,20.152369370764024,1.3415064191358894,-0.009917049332412213
2017-03-15,-0.0198771072916542,0.0,CAD,0.0817448862076951,2017,20.152369370764024,1.3415064191358894,-0.0266652670256069
2017-05-03,0.0141789980585717,-0.0027678571428545,CAD,0.2696106854135153,2017,20.152369370764024,1.3415064191358894,0.019021216912489248
2017-06-14,0.0182385502184227,0.0187500000000095,CAD,0.1892004953848095,2017,20.152369370764024,1.3415064191358894,0.02446713219374633
2017-07-26,-0.0017682016992021,-0.0049999999999954,CAD,0.0479654657849163,2017,20.152369370764024,1.3415064191358894,-0.002372053929806604
2017-09-20,0.0282090026474706,0.0,CAD,-0.0407680710118779,2017,20.152369370764024,1.3415064191358894,0.037842558129003105
2017-11-01,0.0076398115377119,-0.0025862068965493,CAD,0.0310269937332546,2017,20.152369370764024,1.3415064191358894,0.010248856218828943
2017-12-13,0.0037590706788576,0.0043055555555515,CAD,0.093182177887034,2017,20.152369370764024,1.3415064191358894,0.005042817445672976
2018-01-31,0.0094577773659963,-0.0074999999999931,CAD,0.3816023792037747,2018,35.8159913922565,17.005128440628365,0.16083071887163491
2018-03-21,0.0030673490276887,0.0,CAD,0.9677494882065256,2018,35.8159913922565,17.005128440628365,0.05216066418808287
2018-05-02,0.0021041905253442,-0.0026724137931009,CAD,0.1943937473091611,2018,35.8159913922565,17.005128440628365,0.0357820301470314
2018-06-13,0.0150453617748988,-0.0044117647059033,CAD,0.184971151004737,2018,35.8159913922565,17.005128440628365,0.25584830941787445
2018-08-01,0.0038436923715133,-0.0025833333333309,CAD,0.0845406037363313,2018,35.8159913922565,17.005128440628365,0.0653624824638471
2018-09-26,0.0062027488421337,0.0100000000000051,CAD,-0.146678530176992,2018,35.8159913922565,17.005128440628365,0.10547854074544244
2018-11-08,0.0088093356493354,0.0068181818181755,CAD,-0.0533882482268953,2018,35.8159913922565,17.005128440628365,0.14980388419355475
2018-12-19,0.0203843252731822,0.0258333333333465,CAD,0.2379183278416381,2018,35.8159913922565,17.005128440628365,0.3466380694460102
2019-01-30,-0.0068702875218163,0.0,CAD,0.5670449549191509,2019,27.547921808441366,8.737058856813231,-0.06002610644133853
2019-03-20,-0.0114304027526008,0.0,CAD,-0.2479246978199865,2019,27.547921808441366,8.737058856813231,-0.09986810160655316
2019-05-01,-0.0168063463862905,-0.0258333333333391,CAD,0.0745045482236548,2019,27.547921808441366,8.737058856813231,-0.14683803754501046
2019-06-19,-0.0347554236608728,0.0545454545454436,CAD,0.2541297428672421,2019,27.547921808441366,8.737058856813231,-0.30366018211852486
2019-07-31,0.0337184701884011,0.0375000000000085,CAD,0.1976285228211881,2019,27.547921808441366,8.737058856813231,0.29460025859776273
2019-09-18,0.0268265530608181,0.0343750000000042,CAD,-0.256294426438018,2019,27.547921808441366,8.737058856813231,0.23438517301779088
2019-10-04,0.0089571821939382,0.0,CAD,-0.0675295467418322,2019,27.547921808441366,8.737058856813231,0.07825942801963752
2019-10-30,0.0163512469508232,-0.0099999999999909,CAD,-0.7693224522667977,2019,27.547921808441366,8.737058856813231,0.1428618069916302
2019-12-11,0.0041059291975144,0.0,CAD,0.2194227793694819,2019,27.547921808441366,8.737058856813231,0.03587374506059123
2020-01-29,0.0101436556376702,0.0100000000000051,CAD,-0.2047394080121349,2020,29.88702509233681,11.076162140708675,0.11235277454234878
2020-03-03,-0.1002935803411909,-0.2601785714285708,CAD,-0.1349022163665629,2020,29.88702509233681,11.076162140708675,-1.1108679575312226
2020-03-19,-0.0063512895718225,0.0129166666666547,CAD,0.4552987997607023,2020,29.88702509233681,11.076162140708675,-0.07034791310009819
2020-03-23,-0.012152390350357,-0.009687499999991,CAD,-1.2179238499602978,2020,29.88702509233681,11.076162140708675,-0.13460184591773763
2020-03-31,0.0032152962607291,-0.0024999999999977,CAD,0.3251805495162978,2020,29.88702509233681,11.076162140708675,0.035613142714249826
2020-04-29,-0.0036141284589083,-0.0300000000000011,CAD,0.4010317606154034,2020,29.88702509233681,11.076162140708675,-0.0400306728082179
2020-06-10,0.0041059291975123,0.0,CAD,0.3355582731795957,2020,29.88702509233681,11.076162140708675,0.04547793752991609
2020-07-29,0.0033490368734794,0.0,CAD,-0.0448866619341707,2020,29.88702509233681,11.076162140708675,0.03709447542586988
2020-08-27,0.0054307037680482,0.0,CAD,0.2589885664579828,2020,29.88702509233681,11.076162140708675,0.060151355473059415
2020-09-16,0.0043995649398471,0.0,CAD,0.2655238065724005,2020,29.88702509233681,11.076162140708675,0.04873029462232369
2020-11-05,0.0066301076792566,0.0029999999999972,CAD,0.5199185960595316,2020,29.88702509233681,11.076162140708675,0.07343614766580381
2020-12-16,0.0063510416473751,-0.0051666666666619,CAD,-0.1961939024459741,2020,29.88702509233681,11.076162140708675,0.07034516704872014
2021-01-27,0.0094840404266222,0.0,CAD,-0.5570170915558266,2021,51.24662645607233,32.435763504444196,0.3076220923445057
2021-03-17,0.0006266370091781,-0.0110714285714498,CAD,-0.1925700667306883,2021,51.24662645607233,32.435763504444196,0.02032544983283308
2021-04-28,0.0026713600197029,-0.0100000000000051,CAD,0.3393942651794358,2021,51.24662645607233,32.435763504444196,0.08664760183431065
2021-06-16,0.0199673065124721,0.0267857142857202,CAD,0.3036896494174809,2021,51.24662645607233,32.435763504444196,0.6476548318592935
2021-07-28,0.0068244514553151,0.0,CAD,0.1272770834454496,2021,51.24662645607233,32.435763504444196,0.22135629345216062
2021-09-22,0.0076324076234047,0.0,CAD,0.4388377859884307,2021,51.24662645607233,32.435763504444196,0.24756296864227184
2021-11-03,0.0063698624910797,0.0027777777777752,CAD,0.0322113064469727,2021,51.24662645607233,32.435763504444196,0.20661135331649091
2021-12-15,0.0238408887927261,0.0,CAD,-0.4500667176533739,2021,51.24662645607233,32.435763504444196,0.7732974306166179
2022-01-26,0.0012942801622569,-0.0050000000000096,CAD,0.3170328406377766,2022,54.856609345224996,36.04574639359686,0.04665329449097561
2022-03-16,0.0602717645156901,-0.0206666666666772,CAD,0.5010187402314003,2022,54.856609345224996,36.04574639359686,2.1725407384271556
2022-05-04,-0.0156146659816477,-0.0172222222222228,CAD,0.1559211355102523,2022,54.856609345224996,36.04574639359686,-0.5628422899951971
2022-06-15,0.0498852378507765,0.0449999999999874,CAD,-0.2856813895245242,2022,54.856609345224996,36.04574639359686,1.7981506323533483
2022-07-27,0.0026549658267917,-0.0150000000000005,CAD,0.077603604701688,2022,54.856609345224996,36.04574639359686,0.09570022487619981
2022-09-21,0.054655695433522,-0.024999999999977,CAD,-0.4338726135941569,2022,54.856609345224996,36.04574639359686,1.970105336562404
2022-11-02,-0.0351361076874267,-0.0053571428571379,CAD,0.0806836146017862,2022,54.856609345224996,36.04574639359686,-1.2665072269590918
2022-12-14,0.0559791242146778,-0.0022794117647036,CAD,-0.2730931320474812,2022,54.856609345224996,36.04574639359686,2.017809314777933
2023-02-01,0.014032377742109,-0.0077777777777706,CAD,-0.01499925006561,2023,35.223851992505985,16.41298904087785,0.2303132620986933
2023-03-22,-0.0189041792985785,0.0258333333333095,CAD,0.0728491326746428,2023,35.223851992505985,16.41298904087785,-0.3102740876543588
2023-05-03,0.0138713034564892,0.0138392857142888,CAD,0.1248302104309004,2023,35.223851992505985,16.41298904087785,0.22766955161404828
2023-06-14,0.0533654635353005,-0.0187500000000095,CAD,0.1128625829896952,2023,35.223851992505985,16.41298904087785,0.8758867681662537
2023-07-26,0.0122077356629631,0.0,CAD,-0.295488338650886,2023,35.223851992505985,16.41298904087785,0.20036543165014706
2023-09-20,0.0459762111587796,0.0,CAD,0.0521318202087697,2023,35.223851992505985,16.41298904087785,0.7546070498901354
2023-11-01,-0.0022707679661664,-0.0025862068965493,CAD,-0.007205389634569,2023,35.223851992505985,16.41298904087785,-0.03727008974306561
2023-12-13,-0.0455356220279847,-0.0043055555555515,CAD,0.3016815503158799,2023,35.223851992505985,16.41298904087785,-0.747375665314869
2024-01-31,0.0189798297838987,0.0012499999999988,CAD,0.1866159612982143,2024,52.691967880041915,33.88110492841378,0.6430576044317048
2024-03-20,-0.0078672537674286,0.0,CAD,0.1179071617804839,2024,52.691967880041915,33.88110492841378,-0.26655125039270694
2024-05-01,0.0045443938399247,0.0,CAD,-0.0872473517610054,2024,52.691967880041915,33.88110492841378,0.15396908452652597
2024-06-12,0.0182455221618397,0.0,CAD,0.5390848634876534,2024,52.691967880041915,33.88110492841378,0.6181784508389899
2024-07-31,0.0166624695624229,0.0,CAD,0.3037537592624277,2024,52.691967880041915,33.88110492841378,0.5645428796109511
2024-09-18,-0.0714310356297788,-0.1187499999999985,CAD,-0.0661643104453662,2024,52.691967880041915,33.88110492841378,-2.4201624133177986
2024-11-07,0.0144816547036135,0.0,CAD,0.4533197185595601,2024,52.691967880041915,33.88110492841378,0.4906544625501859
2024-12-18,0.0543358251058351,-0.0059615384615668,CAD,-0.1605753128915037,2024,52.691967880041915,33.88110492841378,1.8409577917827387
2025-01-29,0.0179627680688357,0.0049999999999954,CAD,-0.2775466672035853,2025,65.47191617422757,46.661053222599435,0.8381616768851523
2025-03-19,-0.0153788683487746,0.0,CAD,-0.1117318551992598,2025,65.47191617422757,46.661053222599435,-0.7175941945255215
2025-05-07,-0.0072564712605612,0.0,CAD,0.0072603187311788,2025,65.47191617422757,46.661053222599435,-0.3385945916973094
2025-06-18,-0.0078696651967995,0.0062499999999943,CAD,-0.7040733155486667,2025,65.47191617422757,46.661053222599435,-0.36720686659189994
2025-07-30,0.0011993830099653,0.0024999999999977,CAD,-0.2682035604319195,2025,65.47191617422757,46.661053222599435,0.055964474462272366
2025-09-17,-0.0230503105126839,0.011538461538451,CAD,-0.1163382665935669,2025,65.47191617422757,46.661053222599435,-1.0755517656297866
2025-10-29,0.0112417470727232,0.0249999999999914,CAD,0.316205797064795,2025,65.47191617422757,46.661053222599435,0.5245517584753386
2025-12-10,-0.0015137379791926,-0.0036904761904938,CAD,-0.0144581797403493,2025,65.47191617422757,46.661053222599435,-0.07063260841217603
1994-02-04,0.0744275381675239,0.1633333333333334,MXN,-0.0,1994,-30.76275717184896,-49.5736201234771,-3.6896425038424225
1994-03-22,-0.0258252584761284,0.0,MXN,-0.0,1994,-30.76275717184896,-49.5736201234771,1.2802515532861964
1994-04-18,0.0591938759929221,0.150025,MXN,-0.1039732733844588,1994,-30.76275717184896,-49.5736201234771,-2.9344547221093307
1994-05-17,-0.0190317471128777,0.1107142857142857,MXN,-0.0300255219190212,1994,-30.76275717184896,-49.5736201234771,0.943472601659881
1994-07-06,0.0067695874961795,-0.0496,MXN,0.1236057722341249,1994,-30.76275717184896,-49.5736201234771,-0.335592958928243
1994-08-16,0.0259658668252987,0.124,MXN,-0.1468213448300565,1994,-30.76275717184896,-49.5736201234771,-1.287222018174154
1994-09-27,-0.0104641166672954,-0.09,MXN,-0.6501204931146295,1994,-30.76275717184896,-49.5736201234771,0.5187441445922474
1994-11-15,0.0313698031847126,0.12,MXN,-0.0434562185443754,1994,-30.76275717184896,-49.5736201234771,-1.5551147064271846
1994-12-20,-0.0177728645255933,-0.2254545454545455,MXN,-13.065668587989263,1994,-30.76275717184896,-49.5736201234771,0.8810652344977843
1995-02-01,0.0500189942601368,0.0725925925925926,MXN,5.473563857852337,1995,-45.673308955934225,-64.48417190756236,-3.225433424514036
1995-03-28,0.0158901020849301,0.0,MXN,-1.4771317320312722,1995,-45.673308955934225,-64.48417190756236,-1.0246600744733476
1995-05-23,0.0011983968621848,0.0,MXN,-1.1754963231443685,1995,-45.673308955934225,-64.48417190756236,-0.07727762927460795
1995-07-06,-0.1345291155205644,-0.0868,MXN,0.3194890896519177,1995,-45.673308955934225,-64.48417190756236,8.67499861180039
1995-08-22,0.0308076638047787,0.0344444444444444,MXN,0.2812941376614724,1995,-45.673308955934225,-64.48417190756236,-1.9866066888577363
1995-09-26,0.041687990606095,0.02,MXN,0.0782778904940833,1995,-45.673308955934225,-64.48417190756236,-2.688215552724275
1995-11-15,0.0145515593635155,0.06,MXN,1.1243091574180468,1995,-45.673308955934225,-64.48417190756236,-0.9383452555200321
1995-12-19,-0.0303627968401148,-0.0775,MXN,0.8417013110949427,1995,-45.673308955934225,-64.48417190756236,1.957919811032354
1996-01-31,-0.0137158500126284,-0.0300000000000011,MXN,-1.0810916104215675,1996,-51.34781912763257,-70.1586820792607,0.9622859604828198
1996-03-26,0.0173036122147537,0.019999999999996,MXN,0.0994200578992182,1996,-51.34781912763257,-70.1586820792607,-1.213998628197717
1996-05-21,0.0160890644403414,0.0154999999999857,MXN,0.270087942713239,1996,-51.34781912763257,-70.1586820792607,-1.1287875570226507
1996-07-03,-0.0074615753342424,-0.0608928571428646,MXN,-0.1184912257654109,1996,-51.34781912763257,-70.1586820792607,0.5234942916855659
1996-08-20,0.0059763798586063,-0.0281818181818325,MXN,0.1470097157512483,1996,-51.34781912763257,-70.1586820792607,-0.41929493448485644
1996-09-24,-0.0616367818415713,-0.129999999999995,MXN,0.8200019495824487,1996,-51.34781912763257,-70.1586820792607,4.32435538161155
1996-11-13,-0.0020190345253906,0.0,MXN,-0.0631113937009842,1996,-51.34781912763257,-70.1586820792607,0.1416528013739301
1996-12-17,0.0096665266618053,0.0,MXN,0.1268230987995053,1996,-51.34781912763257,-70.1586820792607,-0.6781907708762952
1997-02-05,0.0073334281837072,-0.0304347826087024,MXN,0.2428271370199483,1997,-40.93472810132904,-59.74559105295718,-0.4381400012800009
1997-03-25,0.0393558906734885,0.0499999999999971,MXN,0.1013171312606925,1997,-40.93472810132904,-59.74559105295718,-2.3513409497031352
1997-05-20,-0.0341225983579708,-0.0845454545454576,MXN,0.1140756825653744,1997,-40.93472810132904,-59.74559105295718,2.038674807159632
1997-07-02,0.0043288097349413,-0.0213793103448233,MXN,-0.2644671272589853,1997,-40.93472810132904,-59.74559105295718,-0.25862729616986285
1997-08-19,0.0102564248424448,0.0,MXN,0.064412240552302,1997,-40.93472810132904,-59.74559105295718,-0.6127761643020978
1997-09-30,0.0027623285176483,-0.0150000000000005,MXN,0.5451352284561397,1997,-40.93472810132904,-59.74559105295718,-0.16503694996933677
1997-12-16,0.0093705409212869,0.0,MXN,0.6161448944048687,1997,-40.93472810132904,-59.74559105295718,-0.5598485058282077
1998-02-04,0.018684862485998,0.0350000000000012,MXN,0.2790727102907164,1998,-35.618907172179945,-54.42977012380808,-1.0170127699078364
1998-03-31,0.0029104188782698,-0.0049999999999954,MXN,0.1876173158227851,1998,-35.618907172179945,-54.42977012380808,-0.1584134305082166
1998-05-19,-0.0058758645830149,-0.0387500000000013,MXN,-0.5141399500418652,1998,-35.618907172179945,-54.42977012380808,0.31982195853212647
1998-07-01,-0.0170800803862638,-0.0051666666666666,MXN,0.4909080482341247,1998,-35.618907172179945,-54.42977012380808,0.9296648491205018
1998-08-18,0.0151214113801669,0.0119230769230998,MXN,0.6633791822312581,1998,-35.618907172179945,-54.42977012380808,-0.8230549453700199
1998-09-29,0.0275930243523054,0.0549999999999926,MXN,-0.0,1998,-35.618907172179945,-54.42977012380808,-1.5018819725166215
1998-10-15,-0.1122924702372589,-0.1646875000000153,MXN,0.5417398129773836,1998,-35.618907172179945,-54.42977012380808,6.112053341648563
1998-11-17,0.0087820155198661,-0.0692307692307717,MXN,0.2259887967437367,1998,-35.618907172179945,-54.42977012380808,-0.4780030859700268
1998-12-22,0.002601771407222,-0.0172222222222063,MXN,-0.4702523488985475,1998,-35.618907172179945,-54.42977012380808,-0.14161381960979014
1999-02-03,0.0102289071471053,0.0056000000000107,MXN,-0.2967361227802008,1999,-35.125052617529526,-53.93591556915766,-0.5517054722510248
1999-03-30,-0.009325201125341,0.0,MXN,-0.2729087450105343,1999,-35.125052617529526,-53.93591556915766,0.5029632605618062
1999-05-18,0.0697687615283003,0.0,MXN,0.6697948684127581,1999,-35.125052617529526,-53.93591556915766,-3.7630420311551003
1999-06-30,-0.0552790317790168,-0.0449999999999874,MXN,-0.2704065696872993,1999,-35.125052617529526,-53.93591556915766,2.981525190777833
1999-08-24,0.007594159331784,0.0375000000000085,MXN,0.2840073714594623,1999,-35.125052617529526,-53.93591556915766,-0.40959793653783255
1999-10-05,0.0370156262936671,-0.047692307692315,MXN,-0.2641730283620105,1999,-35.125052617529526,-53.93591556915766,-1.996471694514721
1999-11-16,0.0662025322516916,0.0535714285714405,MXN,-0.4155794781771246,1999,-35.125052617529526,-53.93591556915766,-3.5706941899916753
1999-12-21,0.0253247056639662,0.0154999999999857,MXN,0.144744979301479,1999,-35.125052617529526,-53.93591556915766,-1.3659111865054496
2000-02-02,0.0029688750090123,-0.0537037037037006,MXN,0.2295014568781012,2000,-37.71947986893156,-56.530342820559696,-0.16783152205085758
2000-03-21,0.0068786515124237,-0.0310000000000158,MXN,0.225551891980973,2000,-37.71947986893156,-56.530342820559696,-0.3888525281404732
2000-05-16,0.0395344686208438,0.041333333333325,MXN,0.7126418757724673,2000,-37.71947986893156,-56.530342820559696,-2.23489706436496
2000-06-28,-0.0157440790026368,-0.019999999999996,MXN,1.1817344771953735,2000,-37.71947986893156,-56.530342820559696,0.890018183413034
2000-08-22,0.0151885007450896,0.0172222222222063,MXN,0.2378379499523694,2000,-37.71947986893156,-56.530342820559696,-0.8586111540502415
2000-10-03,0.0270379442984846,0.0,MXN,0.090394284729111,2000,-37.71947986893156,-56.530342820559696,-1.528464260356532
2000-11-15,0.0087077276290527,0.0,MXN,0.3164559602962914,2000,-37.71947986893156,-56.530342820559696,-0.49225082805840864
2000-12-19,0.0178112185884117,0.0516666666666563,MXN,0.1066666767802679,2000,-37.71947986893156,-56.530342820559696,-1.0068742928548389
2001-01-03,-0.1082948922109102,-0.3874999999999937,MXN,-1.2480980430392985,2001,-28.91635030614549,-47.72721325777363,5.1686134152777194
2001-01-31,0.009902018536813,0.0300000000000011,MXN,-0.1447477506657463,2001,-28.91635030614549,-47.72721325777363,-0.47259575038890167
2001-03-20,-0.0325439847016355,0.0563636363636251,MXN,0.6077135216103315,2001,-28.91635030614549,-47.72721325777363,1.5532336981126798
2001-04-18,-0.2644372616610349,-0.4625000000000055,MXN,1.0826131504542027,2001,-28.91635030614549,-47.72721325777363,12.620853580597897
2001-05-15,-0.083030443689485,-0.0968749999999943,MXN,0.2941338794685206,2001,-28.91635030614549,-47.72721325777363,3.9628116928556154
2001-06-27,0.0535505197786259,0.1050000000000039,MXN,-0.0882174617502473,2001,-28.91635030614549,-47.72721325777363,-2.555817077539103
2001-08-21,-0.0351414913650395,0.02635,MXN,0.1697746786388182,2001,-28.91635030614549,-47.72721325777363,1.6772054525754507
2001-09-17,-0.0431136324714348,-0.2134615384615738,MXN,0.4646750361357903,2001,-28.91635030614549,-47.72721325777363,2.0576935312814424
2001-10-02,-0.0321891117637858,-0.0374137931034445,MXN,-0.0315241950805998,2001,-28.91635030614549,-47.72721325777363,1.5362966017285145
2001-11-06,-0.0959269518636082,-0.1468750000000085,MXN,0.1507339073346176,2001,-28.91635030614549,-47.72721325777363,4.578326088762614
2001-12-11,-0.0348675156122902,-0.0077500000000148,MXN,0.3980701605713921,2001,-28.91635030614549,-47.72721325777363,1.6641293533965258
2002-01-30,0.02165034786024,0.0200000000000102,MXN,-0.2395993304810497,2002,-26.229049303311786,-45.03991225493992,-0.975129767914136
2002-03-19,-0.0373964534956888,-0.0387500000000013,MXN,0.0055113119692111,2002,-26.229049303311786,-45.03991225493992,1.6843329840917647
2002-05-07,-0.013856029250814,0.0,MXN,-0.7255042811083696,2002,-26.229049303311786,-45.03991225493992,0.6240743416585435
2002-06-26,0.010187602799154,0.0,MXN,-1.6470841710421364,2002,-26.229049303311786,-45.03991225493992,-0.4588487361620765
2002-08-13,-0.050824427787682,0.0344444444444375,MXN,-1.0510455523202562,2002,-26.229049303311786,-45.03991225493992,2.2891277679647275
2002-09-24,-0.0002908117502467,0.019999999999996,MXN,1.215081778251269,2002,-26.229049303311786,-45.03991225493992,0.01309813571381687
2002-11-06,-0.0577278947152216,-0.2031250000000106,MXN,0.4121289318768816,2002,-26.229049303311786,-45.03991225493992,2.6000593126359908
2002-12-10,0.0177830212466575,0.0,MXN,0.0294883768785469,2002,-26.229049303311786,-45.03991225493992,-0.800945716577186
2003-01-29,0.0316433529565666,0.0050000000000096,MXN,-0.7313983966790785,2003,-25.51506720951479,-44.32593016114292,-1.4026210532171666
2003-03-18,0.0048725423419934,0.023846153846166,MXN,0.6463549741622279,2003,-25.51506720951479,-44.32593016114292,-0.21597997155841123
2003-05-06,-0.0402968328970085,0.0309999999999893,MXN,-0.5965496151895796,2003,-25.51506720951479,-44.32593016114292,1.7861946007080454
2003-06-25,0.0900951411777218,0.125,MXN,0.4806443212262844,2003,-25.51506720951479,-44.32593016114292,-3.9935509357020083
2003-08-12,-0.0131519587647913,0.0,MXN,-0.1911734431585019,2003,-25.51506720951479,-44.32593016114292,0.5829728056903707
2003-09-16,0.005971558443264,0.0,MXN,0.772946289200441,2003,-25.51506720951479,-44.32593016114292,-0.2646948825093034
2003-10-28,-0.0391110184725099,0.0,MXN,0.4732616500098832,2003,-25.51506720951479,-44.32593016114292,1.7336322733436444
2003-12-09,0.0221387824187949,0.0,MXN,0.6023442640075528,2003,-25.51506720951479,-44.32593016114292,-0.9813221233482415
2004-01-28,0.0833938107012925,0.0,MXN,-0.156128056695241,2004,-27.644717222420077,-46.45558017404821,-3.874107859053293
2004-03-16,-0.0247975114294568,0.0103333333333238,MXN,-0.8257385514683054,2004,-27.644717222420077,-46.45558017404821,1.1519827803280072
2004-05-04,0.0088940327664341,-0.011481481481471,MXN,0.2362515864578207,2004,-27.644717222420077,-46.45558017404821,-0.4131774522516911
2004-06-30,-0.0102482345756715,-0.0099999999999909,MXN,-0.1127346951985417,2004,-27.644717222420077,-46.45558017404821,0.4760876829725603
2004-08-10,0.0304191917501907,0.0147619047619122,MXN,-0.2476205121811596,2004,-27.644717222420077,-46.45558017404821,-1.4131412011807298
2004-09-21,-0.0026558898886302,0.0,MXN,0.2709081443624672,2004,-27.644717222420077,-46.45558017404821,0.12338090565470422
2004-11-10,-0.0103477802622292,0.0,MXN,0.1486339071449544,2004,-27.644717222420077,-46.45558017404821,0.48071213559542214
2004-12-14,-0.0016196409545244,0.0,MXN,-0.0132840348237043,2004,-27.644717222420077,-46.45558017404821,0.07524136021608023
2005-02-02,0.0024149323253281,-0.0053846153846104,MXN,-0.040296402972012,2005,-27.436176741713965,-46.2470396933421,-0.11168347110618358
2005-03-22,0.0446555386805955,0.0,MXN,0.2811184109656797,2005,-27.436176741713965,-46.2470396933421,-2.0651864698890736
2005-05-03,0.0197608024591601,0.0,MXN,0.0136038998055813,2005,-27.436176741713965,-46.2470396933421,-0.9138786157010693
2005-06-30,0.0308555789795998,-0.0025000000000119,MXN,-0.1486436542734152,2005,-27.436176741713965,-46.2470396933421,-1.426979185830604
2005-08-09,-0.004972125919385,-0.007045454545448,MXN,-0.3059905882846545,2005,-27.436176741713965,-46.2470396933421,0.22994610475409322
2005-09-20,0.0268847743224489,0.0450000000000015,MXN,0.2766891320195134,2005,-27.436176741713965,-46.2470396933421,-1.2433412252368388
2005-11-01,0.0125495322925041,-0.0051724137931133,MXN,0.1762605400905877,2005,-27.436176741713965,-46.2470396933421,-0.5803787180643156
2005-12-13,-0.009928467202524,-0.0086111111111276,MXN,-0.0940955138821857,2005,-27.436176741713965,-46.2470396933421,0.45916221680917263
2006-01-31,0.0251938571475752,0.0099999999999909,MXN,-0.0296978959786514,2006,-29.207372194997994,-48.018235146626125,-1.2097645567627733
2006-03-28,0.0360945094088016,0.0049999999999954,MXN,-0.0274210503980408,2006,-29.207372194997994,-48.018235146626125,-1.7331946402939444
2006-05-10,0.0368911752143715,0.0,MXN,0.8450495773193055,2006,-29.207372194997994,-48.018235146626125,-1.7714491262790761
2006-06-29,-0.0242857417897403,-0.0150000000000005,MXN,0.0131656902303234,2006,-29.207372194997994,-48.018235146626125,1.1661584599699946
2006-08-08,-0.0129906958878952,-0.0471739130434928,MXN,-0.2799258418751469,2006,-29.207372194997994,-48.018235146626125,0.6237902898632608
2006-09-20,0.0150310820727831,0.0,MXN,-0.0137120918010891,2006,-29.207372194997994,-48.018235146626125,-0.7217660334791354
2006-10-25,0.0007263979157513,-0.0049999999999954,MXN,0.3194373216967628,2006,-29.207372194997994,-48.018235146626125,-0.03488034592856504
2006-12-12,-0.0103973231270163,0.0,MXN,-0.0793299429102664,2006,-29.207372194997994,-48.018235146626125,0.49926110680852276
2007-01-31,0.0014143171230512,-0.0049999999999954,MXN,0.1122751220320731,2007,-31.064676797040676,-49.875539748668814,-0.07053982988796305
2007-03-21,-0.0417216424647526,0.0,MXN,0.2524001880803926,2007,-31.064676797040676,-49.875539748668814,2.080889437130517
2007-05-09,0.0295434024263583,0.007045454545448,MXN,0.2251899837673137,2007,-31.064676797040676,-49.875539748668814,-1.473493142026752
2007-06-28,0.0136373343855182,0.0,MXN,0.7537236757452838,2007,-31.064676797040676,-49.875539748668814,-0.6801694132108009
2007-08-07,-0.0062992313776068,0.0064583333333457,MXN,0.1412912429395936,2007,-31.064676797040676,-49.875539748668814,0.31417756495988974
2007-08-10,0.0039472379436131,0.0147619047618913,MXN,-0.1984001233254052,2007,-31.064676797040676,-49.875539748668814,-0.19687062295412894
2007-08-17,-0.0029669647555415,-0.0221428571428684,MXN,1.2249496952786767,2007,-31.064676797040676,-49.875539748668814,0.14797896859790952
2007-09-18,-0.1144828105894901,-0.2125000000000198,MXN,0.5008845625593236,2007,-31.064676797040676,-49.875539748668814,5.709891970095437
2007-10-31,0.0422841905987063,-0.019999999999996,MXN,0.1718213481136527,2007,-31.064676797040676,-49.875539748668814,-2.1089468289460642
2007-12-11,0.02829942572256,0.0310000000000158,MXN,0.1794668283133337,2007,-31.064676797040676,-49.875539748668814,-1.411449132490042
2008-01-30,-0.0674737352269174,-0.1099999999999994,MXN,0.0830564831799454,2008,-28.960100699173847,-47.77096365080198,3.223285352908908
2008-03-11,0.0596933766501375,0.0852499999999885,MXN,0.4804592075310281,2008,-28.960100699173847,-47.77096365080198,-2.8516101261473503
2008-03-18,0.0358692911861361,0.1073076923076964,MXN,0.6112016496630425,2008,-28.960100699173847,-47.77096365080198,-1.7135106054329394
2008-04-30,-0.0405592744455346,-0.0600000000000022,MXN,0.2100531607843408,2008,-28.960100699173847,-47.77096365080198,1.937555625240535
2008-06-25,-0.0230711842002055,-0.0100000000000051,MXN,0.0291516861456181,2008,-28.960100699173847,-47.77096365080198,1.102132701808974
2008-08-05,-0.0114499186596415,-0.0059615384615499,MXN,0.1904081251877695,2008,-28.960100699173847,-47.77096365080198,0.5469736480943734
2008-09-16,0.0789327169296685,0.1124999999999889,MXN,-0.2182164938553855,2008,-28.960100699173847,-47.77096365080198,-3.770691951306236
2008-10-08,-0.0178137266591618,-0.1314130434782562,MXN,-8.114055239119601,2008,-28.960100699173847,-47.77096365080198,0.8509788887201406
2008-10-29,-0.0364570970280909,-0.0500000000000113,MXN,3.3428130645268848,2008,-28.960100699173847,-47.77096365080198,1.7415906569426913
2008-12-16,-0.1484460483994251,-0.1498333333333439,MXN,0.6219746006058122,2008,-28.960100699173847,-47.77096365080198,7.091410782194128
2009-01-28,1.726730850573139e-05,0.0049999999999954,MXN,0.4451203166659612,2009,-31.438812116350206,-50.249675067978345,-0.0008676766417115411
2009-03-18,-0.0223012381406051,0.0,MXN,-0.7565434155619073,2009,-31.438812116350206,-50.249675067978345,1.120629970179012
2009-04-29,0.0142231259046974,0.0,MXN,2.2579254938763764,2009,-31.438812116350206,-50.249675067978345,-0.7147074551619899
2009-06-24,0.0286829965218453,0.0,MXN,0.2961918239429922,2009,-31.438812116350206,-50.249675067978345,-1.4413112551986793
2009-08-12,-0.0068523782491418,0.0,MXN,0.1980023220686742,2009,-31.438812116350206,-50.249675067978345,0.3443297804622578
2009-09-23,-0.0470684800287334,-0.0099999999999909,MXN,-0.176218106077113,2009,-31.438812116350206,-50.249675067978345,2.3651758273874814
2009-11-04,-0.00818519581219,-0.0057692307692418,MXN,0.2218004330285165,2009,-31.438812116350206,-50.249675067978345,0.4113034299303246
2009-12-16,0.0047189015977683,-0.0258333333333391,MXN,0.0440622228651558,2009,-31.438812116350206,-50.249675067978345,-0.23712327196562094
2010-01-27,0.0226497591448366,-0.0050000000000096,MXN,0.1931994418566895,2010,-33.78909096668868,-52.599953918316814,-1.19137628727938
2010-03-16,-0.0171565109496542,-0.0103333333333238,MXN,0.350022881589808,2010,-33.78909096668868,-52.599953918316814,0.9024316853509087
2010-04-28,-0.0003822216180214,0.0,MXN,-1.1757739201741386,2010,-33.78909096668868,-52.599953918316814,0.02010483949451013
2010-06-23,0.0068538514109983,0.0050000000000096,MXN,-1.011807655108408,2010,-33.78909096668868,-52.599953918316814,-0.36051226838150124
2010-08-10,-0.0078555016939911,0.0036904761904937,MXN,-0.4699757865623402,2010,-33.78909096668868,-52.599953918316814,0.41319902710919154
2010-09-21,0.0016542459066742,0.0,MXN,0.0563936290146413,2010,-33.78909096668868,-52.599953918316814,-0.08701325846062714
2010-11-03,0.0084042541215947,0.0083333333333256,MXN,0.0390288330454685,2010,-33.78909096668868,-52.599953918316814,-0.44206337951370533
2010-12-14,0.0068727939550825,0.0045588235294075,MXN,0.1794026858214057,2010,-33.78909096668868,-52.599953918316814,-0.3615086453274259
2011-01-26,0.0001406063965718,-0.0049999999999954,MXN,0.3855006950333897,2011,-36.371603672534135,-55.182466624162274,-0.007759007785967078
2011-03-15,0.0089312427035794,-0.0048437499999955,MXN,-0.7064626553846408,2011,-36.371603672534135,-55.182466624162274,-0.4928480024025631
2011-04-27,-0.0051213064027277,0.0,MXN,-0.1881825407509927,2011,-36.371603672534135,-55.182466624162274,0.2826063196406299
2011-06-22,0.0081492260258507,0.0,MXN,0.2331882970168551,2011,-36.371603672534135,-55.182466624162274,-0.44969439318426085
2011-08-09,-0.0108965483739286,-0.007045454545468,MXN,-1.3637613077539563,2011,-36.371603672534135,-55.182466624162274,0.6012984169628847
2011-09-21,0.0499586161372513,0.0083333333333256,MXN,-1.8533889439517952,2011,-36.371603672534135,-55.182466624162274,-2.7568396675832045
2011-11-02,0.0095940375571741,0.0,MXN,1.344378546807141,2011,-36.371603672534135,-55.182466624162274,-0.5294226572897192
2011-12-13,0.0099287089010361,0.0043055555555515,MXN,0.4861402015888763,2011,-36.371603672534135,-55.182466624162274,-0.5478906475524474
2012-01-25,-0.0038676267929878,-0.0050000000000096,MXN,0.0714247752749989,2012,-35.29764969365307,-54.10851264528121,0.2092715332356088
2012-03-13,0.0129494151782184,0.0,MXN,0.6570123762973263,2012,-35.29764969365307,-54.10851264528121,-0.7006735949196268
2012-04-25,0.0036097490215746,0.0,MXN,-0.1056114735988864,2012,-35.29764969365307,-54.10851264528121,-0.19531815058016072
2012-06-20,0.0168084765825005,0.0075000000000356,MXN,-0.2289648729963913,2012,-35.29764969365307,-54.10851264528121,-0.9094816677121413
2012-08-01,0.0157612626509574,0.0155000000000005,MXN,-0.0060298628978154,2012,-35.29764969365307,-54.10851264528121,-0.852818479454927
2012-09-13,0.0176606763212717,0.0088235294117565,MXN,0.3490297604399648,2012,-35.29764969365307,-54.10851264528121,-0.9555929280537482
2012-10-24,0.0044416494851734,0.0,MXN,-0.1439530361326243,2012,-35.29764969365307,-54.10851264528121,-0.2403310473344117
2012-12-12,0.004519987343823,0.0040789473684173,MXN,0.1443998241869706,2012,-35.29764969365307,-54.10851264528121,-0.24456979234975781
2013-01-30,0.0038080451107533,0.0050000000000096,MXN,-0.4638518961780803,2013,-40.99683155042763,-59.80769450205577,-0.2277503986339805
2013-03-20,0.0085203327254647,0.0,MXN,0.4041840914398042,2013,-40.99683155042763,-59.80769450205577,-0.5095814567004611
2013-05-01,0.0047427845607502,0.0,MXN,-0.7578997476539401,2013,-40.99683155042763,-59.80769450205577,-0.2836550100984147
2013-06-19,0.0090085083826874,0.0,MXN,0.0962860079203224,2013,-40.99683155042763,-59.80769450205577,-0.5387781172709765
2013-07-31,0.0042259661583059,0.0,MXN,-0.8043462209032002,2013,-40.99683155042763,-59.80769450205577,-0.2527452929719855
2013-09-18,-0.0035151722454645,0.0,MXN,-0.4017310718071577,2013,-40.99683155042763,-59.80769450205577,0.2102343477788462
2013-10-30,0.0075123706626131,0.0,MXN,-0.0194170987581149,2013,-40.99683155042763,-59.80769450205577,-0.44929756957577055
2013-12-18,0.0058421408391694,0.0,MXN,-0.3044846352340939,2013,-40.99683155042763,-59.80769450205577,-0.3494049745470272
2014-01-29,0.0070645253769001,0.0,MXN,-0.2100919924893413,2014,-44.32464115534129,-63.13550410696942,-0.446022370947066
2014-03-19,0.0148599812679333,0.0,MXN,-0.0113914678029531,2014,-44.32464115534129,-63.13550410696942,-0.9381924083710915
2014-04-30,0.0068244514553151,0.0,MXN,0.2442842544622167,2014,-44.32464115534129,-63.13550410696942,-0.43086518288486
2014-06-18,0.0109188121277117,0.0,MXN,0.1911534779403296,2014,-44.32464115534129,-63.13550410696942,-0.6893647079323696
2014-07-30,0.0021622085364156,0.0,MXN,-0.5495567775254723,2014,-44.32464115534129,-63.13550410696942,-0.13651212593099146
2014-09-17,0.0150134351447968,0.0,MXN,-0.2012569742711284,2014,-44.32464115534129,-63.13550410696942,-0.9478807962440374
2014-10-29,0.0176404592139643,0.0,MXN,0.5426917381912156,2014,-44.32464115534129,-63.13550410696942,-1.1137392851520695
2014-12-17,-0.0259095047790474,-0.0055357142857406,MXN,1.2180501674766235,2014,-44.32464115534129,-63.13550410696942,1.635809645387091
2015-01-28,0.0021442992637392,0.0,MXN,-0.7381368305432572,2015,-43.79893208267708,-62.60979503430521,-0.13425413739492287
2015-03-18,-0.0347104680105268,-0.0119230769230998,MXN,-0.0226878637108317,2015,-43.79893208267708,-62.60979503430521,2.173215287683891
2015-04-29,0.0048207585881479,-0.0049999999999954,MXN,0.3323847530548231,2015,-43.79893208267708,-62.60979503430521,-0.30182670711380655
2015-06-17,-0.0180357370783715,-0.0115384615384836,MXN,-0.0453764633592182,2015,-43.79893208267708,-62.60979503430521,1.1292138017694582
2015-07-29,0.0007774617598076,-0.0049999999999954,MXN,0.3821150376842777,2015,-43.79893208267708,-62.60979503430521,-0.048676721428564065
2015-09-17,-0.0353233026490292,-0.0576923076923206,MXN,-0.1206418290851812,2015,-43.79893208267708,-62.60979503430521,2.211584738790448
2015-10-28,0.0278863450059916,-0.0050000000000096,MXN,0.6576478781232136,2015,-43.79893208267708,-62.60979503430521,-1.7459583450810547
2015-12-16,0.0190186421992981,0.0206666666666772,MXN,-0.1806053682099313,2015,-43.79893208267708,-62.60979503430521,-1.1907532899288418
2016-01-27,-0.0100129752298742,-0.0050000000000096,MXN,0.526416975557237,2016,-44.897592854072904,-63.708455805701036,0.6379111899160196
2016-03-16,-0.0447174101107624,-0.015500000000015,MXN,-0.0892234828464923,2016,-44.897592854072904,-63.708455805701036,2.848877145786915
2016-04-27,0.0130580771678584,-0.0050000000000096,MXN,0.0402703874275676,2016,-44.897592854072904,-63.708455805701036,-0.8319099321559407
2016-06-15,-0.0196647300337884,0.0,MXN,0.610442813663254,2016,-44.897592854072904,-63.708455805701036,1.2528095842886502
2016-07-27,0.0083998625015665,-0.0100000000000051,MXN,-0.4317390148878059,2016,-44.897592854072904,-63.708455805701036,-0.5351422689550147
2016-09-21,-0.0140997003846475,-0.0416666666666286,MXN,0.0302335544365349,2016,-44.897592854072904,-63.708455805701036,0.8982701388289411
2016-11-02,0.0084836442153226,-0.0053571428571379,MXN,-1.5094920357390669,2016,-44.897592854072904,-63.708455805701036,-0.5404798725631711
2016-12-14,0.0278630701095855,0.0,MXN,0.1309110856211593,2016,-44.897592854072904,-63.708455805701036,-1.7751131706876773
2017-02-01,-0.0073924725151894,-0.0051851851851804,MXN,0.0960361169583245,2017,-45.91701505841393,-64.72787801004206,0.4784990591557683
2017-03-15,-0.0198771072916542,0.0,MXN,0.9059562923333496,2017,-45.91701505841393,-64.72787801004206,1.2866029759667106
2017-05-03,0.0141789980585717,-0.0027678571428545,MXN,-0.0798403236024559,2017,-45.91701505841393,-64.72787801004206,-0.9177764566398522
2017-06-14,0.0182385502184227,0.0187500000000095,MXN,0.8220441759177675,2017,-45.91701505841393,-64.72787801004206,-1.1805426536180905
2017-07-26,-0.0017682016992021,-0.0049999999999954,MXN,0.039415524596003,2017,-45.91701505841393,-64.72787801004206,0.1144519438831026
2017-09-20,0.0282090026474706,0.0,MXN,0.4399702502915799,2017,-45.91701505841393,-64.72787801004206,-1.8259088821504303
2017-11-01,0.0076398115377119,-0.0025862068965493,MXN,-0.0313610707149014,2017,-45.91701505841393,-64.72787801004206,-0.49450878923272773
2017-12-13,0.0037590706788576,0.0043055555555515,MXN,0.2296212260350268,2017,-45.91701505841393,-64.72787801004206,-0.24331666833222074
2018-01-31,0.0094577773659963,-0.0074999999999931,MXN,0.3939281285615655,2018,-46.701531172038926,-65.51239412366706,-0.6196016383350473
2018-03-21,0.0030673490276887,0.0,MXN,0.8221902527436952,2018,-46.701531172038926,-65.51239412366706,-0.20094937841678906
2018-05-02,0.0021041905253442,-0.0026724137931009,MXN,-1.2689621676576963,2018,-46.701531172038926,-65.51239412366706,-0.1378505590076353
2018-06-13,0.0150453617748988,-0.0044117647059033,MXN,0.1009596101734279,2018,-46.701531172038926,-65.51239412366706,-0.9856576703303253
2018-08-01,0.0038436923715133,-0.0025833333333309,MXN,-0.1477561486863821,2018,-46.701531172038926,-65.51239412366706,-0.2518094895327118
2018-09-26,0.0062027488421337,0.0100000000000051,MXN,0.4567363229970177,2018,-46.701531172038926,-65.51239412366706,-0.40635692679598245
2018-11-08,0.0088093356493354,0.0068181818181755,MXN,-1.2297808393980725,2018,-46.701531172038926,-65.51239412366706,-0.5771206690269312
2018-12-19,0.0203843252731822,0.0258333333333465,MXN,0.4956238430887927,2018,-46.701531172038926,-65.51239412366706,-1.3354259512417397
2019-01-30,-0.0068702875218163,0.0,MXN,-0.9358234410228472,2019,-45.76979330767016,-64.5806562592983,0.4436876768489648
2019-03-20,-0.0114304027526008,0.0,MXN,0.5146827593787288,2019,-45.76979330767016,-64.5806562592983,0.7381829110710493
2019-05-01,-0.0168063463862905,-0.0258333333333391,MXN,0.7556977251768711,2019,-45.76979330767016,-64.5806562592983,1.0853648789477268
2019-06-19,-0.0347554236608728,0.0545454545454436,MXN,-0.2533597625415925,2019,-45.76979330767016,-64.5806562592983,2.244528068589109
2019-07-31,0.0337184701884011,0.0375000000000085,MXN,0.4308086940421575,2019,-45.76979330767016,-64.5806562592983,-2.1775609328265286
2019-09-18,0.0268265530608181,0.0343750000000042,MXN,0.3559916051580103,2019,-45.76979330767016,-64.5806562592983,-1.7324764018425203
2019-10-04,0.0089571821939382,0.0,MXN,0.8155612654004546,2019,-45.76979330767016,-64.5806562592983,-0.5784607043186303
2019-10-30,0.0163512469508232,-0.0099999999999909,MXN,-0.3449360585318031,2019,-45.76979330767016,-64.5806562592983,-1.0559742587420125
2019-12-11,0.0041059291975144,0.0,MXN,0.1875391256057265,2019,-45.76979330767016,-64.5806562592983,-0.265163602129694
2020-01-29,0.0101436556376702,0.0100000000000051,MXN,0.5542487797517766,2020,-47.72792105391463,-66.53878400554277,-0.6749465115015436
2020-03-03,-0.1002935803411909,-0.2601785714285708,MXN,1.3003549714459863,2020,-47.72792105391463,-66.53878400554277,6.673412879465052
2020-03-19,-0.0063512895718225,0.0129166666666547,MXN,-1.5353701741131975,2020,-47.72792105391463,-66.53878400554277,0.42260708497615357
2020-03-23,-0.012152390350357,-0.009687499999991,MXN,-4.480638790203589,2020,-47.72792105391463,-66.53878400554277,0.8086052766734466
2020-03-31,0.0032152962607291,-0.0024999999999977,MXN,3.424977944858824,2020,-47.72792105391463,-66.53878400554277,-0.21394190340648292
2020-04-29,-0.0036141284589083,-0.0300000000000011,MXN,1.9329672009506405,2020,-47.72792105391463,-66.53878400554277,0.24047971289558454
2020-06-10,0.0041059291975123,0.0,MXN,-0.9755281283527076,2020,-47.72792105391463,-66.53878400554277,-0.2732035360153225
2020-07-29,0.0033490368734794,0.0,MXN,-0.209281241080428,2020,-47.72792105391463,-66.53878400554277,-0.22284084115104405
2020-08-27,0.0054307037680482,0.0,MXN,-0.7716788180092569,2020,-47.72792105391463,-66.53878400554277,-0.3613524250202464
2020-09-16,0.0043995649398471,0.0,MXN,0.0237501485500646,2020,-47.72792105391463,-66.53878400554277,-0.292741701250845
2020-11-05,0.0066301076792566,0.0029999999999972,MXN,0.4883897665587717,2020,-47.72792105391463,-66.53878400554277,-0.4411593028035453
2020-12-16,0.0063510416473751,-0.0051666666666619,MXN,0.6644542718668501,2020,-47.72792105391463,-66.53878400554277,-0.42259058838489827
2021-01-27,0.0094840404266222,0.0,MXN,-0.6947918768796905,2021,-46.31021419904954,-65.12107715067768,-0.6176109283222103
2021-03-17,0.0006266370091781,-0.0110714285714498,MXN,-0.509227803286889,2021,-46.31021419904954,-65.12107715067768,-0.04080727702015697
2021-04-28,0.0026713600197029,-0.0100000000000051,MXN,0.1603367414341761,2021,-46.31021419904954,-65.12107715067768,-0.1739618419403084
2021-06-16,0.0199673065124721,0.0267857142857202,MXN,0.6216915057531095,2021,-46.31021419904954,-65.12107715067768,-1.3002925078899246
2021-07-28,0.0068244514553151,0.0,MXN,0.1703577924783965,2021,-46.31021419904954,-65.12107715067768,-0.4444156297326292
2021-09-22,0.0076324076234047,0.0,MXN,0.5183166350946704,2021,-46.31021419904954,-65.12107715067768,-0.49703060568915797
2021-11-03,0.0063698624910797,0.0027777777777752,MXN,-0.3703975180171918,2021,-46.31021419904954,-65.12107715067768,-0.41481230672080904
2021-12-15,0.0238408887927261,0.0,MXN,-0.150843811010166,2021,-46.31021419904954,-65.12107715067768,-1.5525443584118432
2022-01-26,0.0012942801622569,-0.0050000000000096,MXN,0.1403509002320198,2022,-43.11998311669279,-61.93084606832092,-0.0801558654980135
2022-03-16,0.0602717645156901,-0.0206666666666772,MXN,0.7545754689329792,2022,-43.11998311669279,-61.93084606832092,-3.7326813704872905
2022-05-04,-0.0156146659816477,-0.0172222222222228,MXN,0.5915426891577942,2022,-43.11998311669279,-61.93084606832092,0.9670294753176709
2022-06-15,0.0498852378507765,0.0449999999999874,MXN,0.0483886586427932,2022,-43.11998311669279,-61.93084606832092,-3.0894349864180155
2022-07-27,0.0026549658267917,-0.0150000000000005,MXN,-0.1708192416144968,2022,-43.11998311669279,-61.93084606832092,-0.16442427993568914
2022-09-21,0.054655695433522,-0.024999999999977,MXN,-0.0,2022,-43.11998311669279,-61.93084606832092,-3.3848734606504816
2022-11-02,-0.0351361076874267,-0.0053571428571379,MXN,0.3553303231037569,2022,-43.11998311669279,-61.93084606832092,2.1760088766299703
2022-12-14,0.0559791242146778,-0.0022794117647036,MXN,-0.2897889620446735,2022,-43.11998311669279,-61.93084606832092,-3.466834524778627
2023-02-01,0.014032377742109,-0.0077777777777706,MXN,0.4799241334469886,2023,-40.79518326226187,-59.60604621389001,-0.8364145561869106
2023-03-22,-0.0189041792985785,0.0258333333333095,MXN,0.7688829985755622,2023,-40.79518326226187,-59.60604621389001,1.126803384906733
2023-05-03,0.0138713034564892,0.0138392857142888,MXN,0.8956197045914814,2023,-40.79518326226187,-59.60604621389001,-0.8268135548743876
2023-06-14,0.0533654635353005,-0.0187500000000095,MXN,0.6059918323180594,2023,-40.79518326226187,-59.60604621389001,-3.180904285710784
2023-07-26,0.0122077356629631,0.0,MXN,0.1953426219331404,2023,-40.79518326226187,-59.60604621389001,-0.7276548560935318
2023-09-20,0.0459762111587796,0.0,MXN,0.2076892683636246,2023,-40.79518326226187,-59.60604621389001,-2.740460167069782
2023-11-01,-0.0022707679661664,-0.0025862068965493,MXN,0.5944627078655059,2023,-40.79518326226187,-59.60604621389001,0.13535150033233545
2023-12-13,-0.0455356220279847,-0.0043055555555515,MXN,-0.6666019181872741,2023,-40.79518326226187,-59.60604621389001,2.714198390978284
2024-01-31,0.0189798297838987,0.0012499999999988,MXN,0.0186286952302007,2024,-40.5862421213871,-59.39710507301524,-1.1273469439421753
2024-03-20,-0.0078672537674286,0.0,MXN,0.4206674397309792,2024,-40.5862421213871,-59.39710507301524,0.4672920986600315
2024-05-01,0.0045443938399247,0.0,MXN,0.2570077050006648,2024,-40.5862421213871,-59.39710507301524,-0.2699238384031706
2024-06-12,0.0182455221618397,0.0,MXN,-1.6355881907420944,2024,-40.5862421213871,-59.39710507301524,-1.083731196958821
2024-07-31,0.0166624695624229,0.0,MXN,1.0739277131994436,2024,-40.5862421213871,-59.39710507301524,-0.9897024553751512
2024-09-18,-0.0714310356297788,-0.1187499999999985,MXN,-0.0171174699759932,2024,-40.5862421213871,-59.39710507301524,4.242796728776267
2024-11-07,0.0144816547036135,0.0,MXN,1.824443450194952,2024,-40.5862421213871,-59.39710507301524,-0.8601683660616565
2024-12-18,0.0543358251058351,-0.0059615384615668,MXN,0.5254342458240078,2024,-40.5862421213871,-59.39710507301524,-3.227390713040267
2025-01-29,0.0179627680688357,0.0049999999999954,MXN,-0.081704913648592,2025,-34.679151959230396,-53.490014910858534,-0.9608287318423152
2025-03-19,-0.0153788683487746,0.0,MXN,-0.3556198619285912,2025,-34.679151959230396,-53.490014910858534,0.8226158972880837
2025-05-07,-0.0072564712605612,0.0,MXN,0.5291570046391444,2025,-34.679151959230396,-53.490014910858534,0.388148755927635
2025-06-18,-0.0078696651967995,0.0062499999999943,MXN,-0.2565529039280897,2025,-34.679151959230396,-53.490014910858534,0.42094850872026973
2025-07-30,0.0011993830099653,0.0024999999999977,MXN,-0.1559834324374966,2025,-34.679151959230396,-53.490014910858534,-0.06415501508687428
2025-09-17,-0.0230503105126839,0.011538461538451,MXN,-0.3409131460970323,2025,-34.679151959230396,-53.490014910858534,1.232961453023381
2025-10-29,0.0112417470727232,0.0249999999999914,MXN,-0.0331227417798385,2025,-34.679151959230396,-53.490014910858534,-0.6013212185440643
2025-12-10,-0.0015137379791926,-0.0036904761904938,MXN,-0.2307845497589142,2025,-34.679151959230396,-53.490014910858534,0.08096986707814505
1994-02-04,0.0744275381675239,0.1633333333333334,NOK,-0.6474674689751474,1994,-3.9255420516870463,-22.73640500331518,-1.692214651176522
1994-03-22,-0.0258252584761284,0.0,NOK,0.4488582073618946,1994,-3.9255420516870463,-22.73640500331518,0.5871735360285536
1994-04-18,0.0591938759929221,0.150025,NOK,-0.4102087054088776,1994,-3.9255420516870463,-22.73640500331518,-1.3458559382910924
1994-05-17,-0.0190317471128777,0.1107142857142857,NOK,0.5182970035229497,1994,-3.9255420516870463,-22.73640500331518,0.43271351027906174
1994-07-06,0.0067695874961795,-0.0496,NOK,0.7814235551692141,1994,-3.9255420516870463,-22.73640500331518,-0.15391608301851548
1994-08-16,0.0259658668252987,0.124,NOK,-0.0439206507316603,1994,-3.9255420516870463,-22.73640500331518,-0.590370464402137
1994-09-27,-0.0104641166672954,-0.09,NOK,0.4559166658894045,1994,-3.9255420516870463,-22.73640500331518,0.23791639454956892
1994-11-15,0.0313698031847126,0.12,NOK,-0.5703930424459999,1994,-3.9255420516870463,-22.73640500331518,-0.7132365500819121
1994-12-20,-0.0177728645255933,-0.2254545454545455,NOK,-0.0072804047937284,1994,-3.9255420516870463,-22.73640500331518,0.4040910459229424
1995-02-01,0.0500189942601368,0.0725925925925926,NOK,0.0973527616485253,1995,0.8914038817893224,-17.919459069838812,-0.8963133203590238
1995-03-28,0.0158901020849301,0.0,NOK,0.6414390177663695,1995,0.8914038817893224,-17.919459069838812,-0.2847420339264653
1995-05-23,0.0011983968621848,0.0,NOK,-0.4431838688771987,1995,0.8914038817893224,-17.919459069838812,-0.021474623521343786
1995-07-06,-0.1345291155205644,-0.0868,NOK,-0.0650036587445999,1995,0.8914038817893224,-17.919459069838812,2.410688979272371
1995-08-22,0.0308076638047787,0.0344444444444444,NOK,-0.6814336419730188,1995,0.8914038817893224,-17.919459069838812,-0.5520566705870866
1995-09-26,0.041687990606095,0.02,NOK,0.2544530634994761,1995,0.8914038817893224,-17.919459069838812,-0.7470262413697443
1995-11-15,0.0145515593635155,0.06,NOK,0.7239413856821462,1995,0.8914038817893224,-17.919459069838812,-0.26075607241684573
1995-12-19,-0.0303627968401148,-0.0775,NOK,-0.3310739268758815,1995,0.8914038817893224,-17.919459069838812,0.5440848952222684
1996-01-31,-0.0137158500126284,-0.0300000000000011,NOK,0.0919963266354824,1996,3.4849262578848847,-15.32593669374325,0.21020824899442042
1996-03-26,0.0173036122147537,0.019999999999996,NOK,0.0311187181599419,1996,3.4849262578848847,-15.32593669374325,-0.26519406537639767
1996-05-21,0.0160890644403414,0.0154999999999857,NOK,-0.4394945317756804,1996,3.4849262578848847,-15.32593669374325,-0.24657998307422796
1996-07-03,-0.0074615753342424,-0.0608928571428646,NOK,0.1845870390284039,1996,3.4849262578848847,-15.32593669374325,0.11435563120819515
1996-08-20,0.0059763798586063,-0.0281818181818325,NOK,0.0544217700506695,1996,3.4849262578848847,-15.32593669374325,-0.0915936193707624
1996-09-24,-0.0616367818415713,-0.129999999999995,NOK,-0.0696190320132405,1996,3.4849262578848847,-15.32593669374325,0.9446414165099852
1996-11-13,-0.0020190345253906,0.0,NOK,-0.0950419840273885,1996,3.4849262578848847,-15.32593669374325,0.030943595318618282
1996-12-17,0.0096665266618053,0.0,NOK,0.3636508320998419,1996,3.4849262578848847,-15.32593669374325,-0.1481485756672093
1997-02-05,0.0073334281837072,-0.0304347826087024,NOK,-0.0604131347230964,1997,3.967617651921963,-14.843245299706172,-0.10885187341854467
1997-03-25,0.0393558906734885,0.0499999999999971,NOK,0.5240812598579283,1997,3.967617651921963,-14.843245299706172,-0.5841691392550081
1997-05-20,-0.0341225983579708,-0.0845454545454576,NOK,1.0017720460593056,1997,3.967617651921963,-14.843245299706172,0.5064900976907116
1997-07-02,0.0043288097349413,-0.0213793103448233,NOK,-0.6549348011422418,1997,3.967617651921963,-14.843245299706172,-0.06425358475148978
1997-08-19,0.0102564248424448,0.0,NOK,-0.956568913566204,1997,3.967617651921963,-14.843245299706172,-0.1522386298344084
1997-09-30,0.0027623285176483,-0.0150000000000005,NOK,-0.2183791505743077,1997,3.967617651921963,-14.843245299706172,-0.04100191978582745
1997-12-16,0.0093705409212869,0.0,NOK,-0.3563111896325591,1997,3.967617651921963,-14.843245299706172,-0.13908923748559612
1998-02-04,0.018684862485998,0.0350000000000012,NOK,0.7449814952582214,1998,6.686743764056276,-12.124119187571859,-0.22653749978362997
1998-03-31,0.0029104188782698,-0.0049999999999954,NOK,-0.4929842041333647,1998,6.686743764056276,-12.124119187571859,-0.03528626536590225
1998-05-19,-0.0058758645830149,-0.0387500000000013,NOK,0.1595957247915938,1998,6.686743764056276,-12.124119187571859,0.07123968253450487
1998-07-01,-0.0170800803862638,-0.0051666666666666,NOK,-0.7149851712907299,1998,6.686743764056276,-12.124119187571859,0.2070809303363707
1998-08-18,0.0151214113801669,0.0119230769230998,NOK,-0.4231914906579936,1998,6.686743764056276,-12.124119187571859,-0.18333379385744897
1998-09-29,0.0275930243523054,0.0549999999999926,NOK,0.2562202197342351,1998,6.686743764056276,-12.124119187571859,-0.33454111599292347
1998-10-15,-0.1122924702372589,-0.1646875000000153,NOK,-0.6563671957282962,1998,6.686743764056276,-12.124119187571859,1.3614472930233925
1998-11-17,0.0087820155198661,-0.0692307692307717,NOK,0.3092855286002753,1998,6.686743764056276,-12.124119187571859,-0.10647420286996244
1998-12-22,0.002601771407222,-0.0172222222222063,NOK,0.1822205372099164,1998,6.686743764056276,-12.124119187571859,-0.03154418663997609
1999-02-03,0.0102289071471053,0.0056000000000107,NOK,-0.394737354662956,1999,10.934899193295944,-7.87596375833219,-0.08056250197794647
1999-03-30,-0.009325201125341,0.0,NOK,-0.0,1999,10.934899193295944,-7.87596375833219,0.07344494610234427
1999-05-18,0.0697687615283003,0.0,NOK,-0.2729933447115703,1999,10.934899193295944,-7.87596375833219,-0.5494962372606144
1999-06-30,-0.0552790317790168,-0.0449999999999874,NOK,-0.2670228555878892,1999,10.934899193295944,-7.87596375833219,0.43537565088722974
1999-08-24,0.007594159331784,0.0375000000000085,NOK,0.3179652917379795,1999,10.934899193295944,-7.87596375833219,-0.05981132367213099
1999-10-05,0.0370156262936671,-0.047692307692315,NOK,-0.0649561568795561,1999,10.934899193295944,-7.87596375833219,-0.2915337311808902
1999-11-16,0.0662025322516916,0.0535714285714405,NOK,-0.1132431703277977,1999,10.934899193295944,-7.87596375833219,-0.5214087447241411
1999-12-21,0.0253247056639662,0.0154999999999857,NOK,0.3120516792949566,1999,10.934899193295944,-7.87596375833219,-0.19945646399982775
2000-02-02,0.0029688750090123,-0.0537037037037006,NOK,0.630228725182306,2000,23.204097471234494,4.393234519606359,0.013042964173989478
2000-03-21,0.0068786515124237,-0.0310000000000158,NOK,-0.0949554967490005,2000,23.204097471234494,4.393234519606359,0.03021952927272229
2000-05-16,0.0395344686208438,0.041333333333325,NOK,-0.9715012429245882,2000,23.204097471234494,4.393234519606359,0.17368419225938542
2000-06-28,-0.0157440790026368,-0.019999999999996,NOK,0.4923136532511952,2000,23.204097471234494,4.393234519606359,-0.06916743135379366
2000-08-22,0.0151885007450896,0.0172222222222063,NOK,-0.7148472303875885,2000,23.204097471234494,4.393234519606359,0.06672664577439454
2000-10-03,0.0270379442984846,0.0,NOK,-0.5692169264921125,2000,23.204097471234494,4.393234519606359,0.1187840302312965
2000-11-15,0.0087077276290527,0.0,NOK,0.1643420818729354,2000,23.204097471234494,4.393234519606359,0.03825508960728437
2000-12-19,0.0178112185884117,0.0516666666666563,NOK,-0.5340393125495237,2000,23.204097471234494,4.393234519606359,0.07824886033886475
2001-01-03,-0.1082948922109102,-0.3874999999999937,NOK,-0.0,2001,27.395084960952705,8.58422200932457,-0.9296273972143273
2001-01-31,0.009902018536813,0.0300000000000011,NOK,0.0531815596994043,2001,27.395084960952705,8.58422200932457,0.08500112546045004
2001-03-20,-0.0325439847016355,0.0563636363636251,NOK,0.3216685153945879,2001,27.395084960952705,8.58422200932457,-0.27936478974690154
2001-04-18,-0.2644372616610349,-0.4625000000000055,NOK,0.0996938058786148,2001,27.395084960952705,8.58422200932457,-2.2699881616361757
2001-05-15,-0.083030443689485,-0.0968749999999943,NOK,0.3939598004080425,2001,27.395084960952705,8.58422200932457,-0.7127517621632615
2001-06-27,0.0535505197786259,0.1050000000000039,NOK,0.1742350435338505,2001,27.395084960952705,8.58422200932457,0.45968955049445115
2001-08-21,-0.0351414913650395,0.02635,NOK,0.1124543272851611,2001,27.395084960952705,8.58422200932457,-0.3016623636162614
2001-09-17,-0.0431136324714348,-0.2134615384615738,NOK,0.4808060165857395,2001,27.395084960952705,8.58422200932457,-0.37009699276322106
2001-10-02,-0.0321891117637858,-0.0374137931034445,NOK,-0.1313673718399707,2001,27.395084960952705,8.58422200932457,-0.2763184816632985
2001-11-06,-0.0959269518636082,-0.1468750000000085,NOK,-0.0790737121122592,2001,27.395084960952705,8.58422200932457,-0.8234582514750041
2001-12-11,-0.0348675156122902,-0.0077500000000148,NOK,0.3056831614709838,2001,27.395084960952705,8.58422200932457,-0.2993104949294896
2002-01-30,0.02165034786024,0.0200000000000102,NOK,0.1334149457220394,2002,34.91271826049932,16.101855308871183,0.34861076863231333
2002-03-19,-0.0373964534956888,-0.0387500000000013,NOK,-0.1937432938362853,2002,34.91271826049932,16.101855308871183,-0.602152283252511
2002-05-07,-0.013856029250814,0.0,NOK,-0.7585828068614451,2002,34.91271826049932,16.101855308871183,-0.22310777815209382
2002-06-26,0.010187602799154,0.0,NOK,0.9796212839299272,2002,34.91271826049932,16.101855308871183,0.16403930621622878
2002-08-13,-0.050824427787682,0.0344444444444375,NOK,0.3808527815806866,2002,34.91271826049932,16.101855308871183,-0.8183675823934276
2002-09-24,-0.0002908117502467,0.019999999999996,NOK,0.3483390446188152,2002,34.91271826049932,16.101855308871183,-0.004682608724591947
2002-11-06,-0.0577278947152216,-0.2031250000000106,NOK,-0.2439686761738475,2002,34.91271826049932,16.101855308871183,-0.9295262079902477
2002-12-10,0.0177830212466575,0.0,NOK,-0.3372916637708159,2002,34.91271826049932,16.101855308871183,0.2863396350682611
2003-01-29,0.0316433529565666,0.0050000000000096,NOK,0.3848532506707935,2003,40.212469501160584,21.40160654953245,0.6772185898844229
2003-03-18,0.0048725423419934,0.023846153846166,NOK,-1.3840817784397137,2003,40.212469501160584,21.40160654953245,0.10428023409928014
2003-05-06,-0.0402968328970085,0.0309999999999893,NOK,1.1938293531926836,2003,40.212469501160584,21.40160654953245,-0.8624169628540318
2003-06-25,0.0900951411777218,0.125,NOK,-0.3505085957946353,2003,40.212469501160584,21.40160654953245,1.9281807635101815
2003-08-12,-0.0131519587647913,0.0,NOK,-0.5706247651526181,2003,40.212469501160584,21.40160654953245,-0.2814730468397382
2003-09-16,0.005971558443264,0.0,NOK,-0.8533356127031563,2003,40.212469501160584,21.40160654953245,0.1278009442902746
2003-10-28,-0.0391110184725099,0.0,NOK,-0.1906198565730157,2003,40.212469501160584,21.40160654953245,-0.8370386291001524
2003-12-09,0.0221387824187949,0.0,NOK,0.0902662916714325,2003,40.212469501160584,21.40160654953245,0.4738055108127548
2004-01-28,0.0833938107012925,0.0,NOK,-1.5539864297139832,2004,50.08829446744295,31.277431515814815,2.608344203052501
2004-03-16,-0.0247975114294568,0.0103333333333238,NOK,0.6654154452673535,2004,50.08829446744295,31.277431515814815,-0.7756024654974703
2004-05-04,0.0088940327664341,-0.011481481481471,NOK,1.3140793561058255,2004,50.08829446744295,31.277431515814815,0.27818250075155554
2004-06-30,-0.0102482345756715,-0.0099999999999909,NOK,-0.4941563899821548,2004,50.08829446744295,31.277431515814815,-0.3205384550985709
2004-08-10,0.0304191917501907,0.0147619047619122,NOK,-0.0295290124691104,2004,50.08829446744295,31.277431515814815,0.9514341867330286
2004-09-21,-0.0026558898886302,0.0,NOK,0.4608135612036921,2004,50.08829446744295,31.277431515814815,-0.08306941410517611
2004-11-10,-0.0103477802622292,0.0,NOK,0.274249139517461,2004,50.08829446744295,31.277431515814815,-0.32365198849257404
2004-12-14,-0.0016196409545244,0.0,NOK,-0.4396392993378517,2004,50.08829446744295,31.277431515814815,-0.050658209035345854
2005-02-02,0.0024149323253281,-0.0053846153846104,NOK,0.222154039324533,2005,43.127503103483264,24.31664015185513,0.05872304034608614
2005-03-22,0.0446555386805955,0.0,NOK,0.0307048378692052,2005,43.127503103483264,24.31664015185513,1.0858726648832884
2005-05-03,0.0197608024591601,0.0,NOK,0.4008974050224127,2005,43.127503103483264,24.31664015185513,0.48051632251129006
2005-06-30,0.0308555789795998,-0.0025000000000119,NOK,-0.0826269288371607,2005,43.127503103483264,24.31664015185513,0.7503040107240736
2005-08-09,-0.004972125919385,-0.007045454545448,NOK,-0.0046844624197674,2005,43.127503103483264,24.31664015185513,-0.1209053967713969
2005-09-20,0.0268847743224489,0.0450000000000015,NOK,0.2248841389399912,2005,43.127503103483264,24.31664015185513,0.6537473827628247
2005-11-01,0.0125495322925041,-0.0051724137931133,NOK,0.1371203407128731,2005,43.127503103483264,24.31664015185513,0.30516246083090776
2005-12-13,-0.009928467202524,-0.0086111111111276,NOK,-0.2150166601660295,2005,43.127503103483264,24.31664015185513,-0.24142696422327184
2006-01-31,0.0251938571475752,0.0099999999999909,NOK,1.1194007325407695,2006,56.11722235326021,37.30635940163208,0.9398910894608176
2006-03-28,0.0360945094088016,0.0049999999999954,NOK,0.8186701474966683,2006,56.11722235326021,37.30635940163208,1.346554740430343
2006-05-10,0.0368911752143715,0.0,NOK,0.684501322514402,2006,56.11722235326021,37.30635940163208,1.3762754412959244
2006-06-29,-0.0242857417897403,-0.0150000000000005,NOK,-0.0904123339590849,2006,56.11722235326021,37.30635940163208,-0.9060126115432872
2006-08-08,-0.0129906958878952,-0.0471739130434928,NOK,-0.5775425822875819,2006,56.11722235326021,37.30635940163208,-0.4846355696711223
2006-09-20,0.0150310820727831,0.0,NOK,-0.2931585691890783,2006,56.11722235326021,37.30635940163208,0.5607549500026752
2006-10-25,0.0007263979157513,-0.0049999999999954,NOK,0.957954066266,2006,56.11722235326021,37.30635940163208,0.02709926171361446
2006-12-12,-0.0103973231270163,0.0,NOK,-0.2195711926581022,2006,56.11722235326021,37.30635940163208,-0.3878862733913712
2007-01-31,0.0014143171230512,-0.0049999999999954,NOK,0.4001184968714195,2007,57.340757068874616,38.529894117246485,0.054493488999371405
2007-03-21,-0.0417216424647526,0.0,NOK,-0.0211109217325238,2007,57.340757068874616,38.529894117246485,-1.6075304665645325
2007-05-09,0.0295434024263583,0.007045454545448,NOK,0.0648967083538065,2007,57.340757068874616,38.529894117246485,1.138304167350788
2007-06-28,0.0136373343855182,0.0,NOK,0.4482605721434698,2007,57.340757068874616,38.529894117246485,0.5254450499155009
2007-08-07,-0.0062992313776068,0.0064583333333457,NOK,-0.71959516374296,2007,57.340757068874616,38.529894117246485,-0.2427087179992267
2007-08-10,0.0039472379436131,0.0147619047618913,NOK,-0.7013712310597537,2007,57.340757068874616,38.529894117246485,0.1520866600229905
2007-08-17,-0.0029669647555415,-0.0221428571428684,NOK,0.7396198109212592,2007,57.340757068874616,38.529894117246485,-0.1143168378806161
2007-09-18,-0.1144828105894901,-0.2125000000000198,NOK,-0.3942046443016811,2007,57.340757068874616,38.529894117246485,-4.411010570257838
2007-10-31,0.0422841905987063,-0.019999999999996,NOK,-0.7079411797807894,2007,57.340757068874616,38.529894117246485,1.629205386601623
2007-12-11,0.02829942572256,0.0310000000000158,NOK,-0.1949031617611089,2007,57.340757068874616,38.529894117246485,1.0903738766691184
2008-01-30,-0.0674737352269174,-0.1099999999999994,NOK,-0.2426828665694767,2008,51.710456275589,32.89959332396087,-2.219858449014195
2008-03-11,0.0596933766501375,0.0852499999999885,NOK,0.0583271782294152,2008,51.710456275589,32.89959332396087,1.9638878159235453
2008-03-18,0.0358692911861361,0.1073076923076964,NOK,0.0449732612216367,2008,51.710456275589,32.89959332396087,1.1800850928426116
2008-04-30,-0.0405592744455346,-0.0600000000000022,NOK,0.1191278421536444,2008,51.710456275589,32.89959332396087,-1.334383634773007
2008-06-25,-0.0230711842002055,-0.0100000000000051,NOK,-0.0215405403591966,2008,51.710456275589,32.89959332396087,-0.7590325776889524
2008-08-05,-0.0114499186596415,-0.0059615384615499,NOK,-1.0516932587789112,2008,51.710456275589,32.89959332396087,-0.37669766749463646
2008-09-16,0.0789327169296685,0.1124999999999889,NOK,-1.2415257054121114,2008,51.710456275589,32.89959332396087,2.596854286941415
2008-10-08,-0.0178137266591618,-0.1314130434782562,NOK,-0.0618227983117895,2008,51.710456275589,32.89959332396087,-0.5860643626706233
2008-10-29,-0.0364570970280909,-0.0500000000000113,NOK,2.9568789264927373,2008,51.710456275589,32.89959332396087,-1.199423665996373
2008-12-16,-0.1484460483994251,-0.1498333333333439,NOK,-1.2446887116422989,2008,51.710456275589,32.89959332396087,-4.883814622890099
2009-01-28,1.726730850573139e-05,0.0049999999999954,NOK,1.5840474921268604,2009,55.58091833621971,36.77005538459157,0.0006349198900985724
2009-03-18,-0.0223012381406051,0.0,NOK,0.5701649667756016,2009,55.58091833621971,36.77005538459157,-0.8200177615750156
2009-04-29,0.0142231259046974,0.0,NOK,2.7363860124205246,2009,55.58091833621971,36.77005538459157,0.5229851272577425
2009-06-24,0.0286829965218453,0.0,NOK,0.9226341016452348,2009,55.58091833621971,36.77005538459157,1.054675370704299
2009-08-12,-0.0068523782491418,0.0,NOK,2.3073335197535885,2009,55.58091833621971,36.77005538459157,-0.25196232773711463
2009-09-23,-0.0470684800287334,-0.0099999999999909,NOK,0.5623644383525459,2009,55.58091833621971,36.77005538459157,-1.7307106175250695
2009-11-04,-0.00818519581219,-0.0057692307692418,NOK,1.957329975078127,2009,55.58091833621971,36.77005538459157,-0.3009701033479533
2009-12-16,0.0047189015977683,-0.0258333333333391,NOK,1.2394388522343218,2009,55.58091833621971,36.77005538459157,0.17351427310437806
2010-01-27,0.0226497591448366,-0.0050000000000096,NOK,0.1468027985472067,2010,76.71454851388172,57.903685562253585,1.3115045315833962
2010-03-16,-0.0171565109496542,-0.0103333333333238,NOK,0.8652584762265778,2010,76.71454851388172,57.903685562253585,-0.9934252153741374
2010-04-28,-0.0003822216180214,0.0,NOK,-0.9815926795131916,2010,76.71454851388172,57.903685562253585,-0.02213204038500694
2010-06-23,0.0068538514109983,0.0050000000000096,NOK,-0.5688948204422738,2010,76.71454851388172,57.903685562253585,0.39686325699285363
2010-08-10,-0.0078555016939911,0.0036904761904937,NOK,-1.5165299591780523,2010,76.71454851388172,57.903685562253585,-0.454862500022611
2010-09-21,0.0016542459066742,0.0,NOK,0.2882419250421197,2010,76.71454851388172,57.903685562253585,0.09578693482270798
2010-11-03,0.0084042541215947,0.0083333333333256,NOK,-0.0461589757484005,2010,76.71454851388172,57.903685562253585,0.48663728804209316
2010-12-14,0.0068727939550825,0.0045588235294075,NOK,0.5790639434607525,2010,76.71454851388172,57.903685562253585,0.3979601001092543
2011-01-26,0.0001406063965718,-0.0049999999999954,NOK,0.2429544440939001,2011,85.97083668084034,67.1599737292122,0.009443121899921279
2011-03-15,0.0089312427035794,-0.0048437499999955,NOK,-0.8596397715062442,2011,85.97083668084034,67.1599737292122,0.5998220253416107
2011-04-27,-0.0051213064027277,0.0,NOK,-0.0826244577829583,2011,85.97083668084034,67.1599737292122,-0.3439468034664386
2011-06-22,0.0081492260258507,0.0,NOK,0.9563326586105372,2011,85.97083668084034,67.1599737292122,0.5473018058095453
2011-08-09,-0.0108965483739286,-0.007045454545468,NOK,-0.962509937228386,2011,85.97083668084034,67.1599737292122,-0.7318119025321347
2011-09-21,0.0499586161372513,0.0083333333333256,NOK,-0.2667916809904464,2011,85.97083668084034,67.1599737292122,3.3552193473255936
2011-11-02,0.0095940375571741,0.0,NOK,0.4384188612373662,2011,85.97083668084034,67.1599737292122,0.6443353102968877
2011-12-13,0.0099287089010361,0.0043055555555515,NOK,-1.3669191750136895,2011,85.97083668084034,67.1599737292122,0.6668118289585797
2012-01-25,-0.0038676267929878,-0.0050000000000096,NOK,-0.3269277658004563,2012,89.34651894437809,70.53565599274995,-0.2728055929785302
2012-03-13,0.0129494151782184,0.0,NOK,0.2918067709537625,2012,89.34651894437809,70.53565599274995,0.913395494318108
2012-04-25,0.0036097490215746,0.0,NOK,0.0925998790736147,2012,89.34651894437809,70.53565599274995,0.25461601520595173
2012-06-20,0.0168084765825005,0.0075000000000356,NOK,0.4802823275407948,2012,89.34651894437809,70.53565599274995,1.1855969219854485
2012-08-01,0.0157612626509574,0.0155000000000005,NOK,0.0681419706099967,2012,89.34651894437809,70.53565599274995,1.1117310003593093
2012-09-13,0.0176606763212717,0.0088235294117565,NOK,-0.3266557211083853,2012,89.34651894437809,70.53565599274995,1.2457073895965254
2012-10-24,0.0044416494851734,0.0,NOK,-0.5118662916188373,2012,89.34651894437809,70.53565599274995,0.31329466012656587
2012-12-12,0.004519987343823,0.0040789473684173,NOK,0.4148427244564596,2012,89.34651894437809,70.53565599274995,0.3188202723754827
2013-01-30,0.0038080451107533,0.0050000000000096,NOK,0.2931618950045049,2013,93.588608992707,74.77774604107886,0.2847570302048823
2013-03-20,0.0085203327254647,0.0,NOK,-0.1884401146923877,2013,93.588608992707,74.77774604107886,0.6371312767302927
2013-05-01,0.0047427845607502,0.0,NOK,0.126653671235504,2013,93.588608992707,74.77774604107886,0.3546547394113282
2013-06-19,0.0090085083826874,0.0,NOK,0.1502131212374206,2013,93.588608992707,74.77774604107886,0.6736359520495283
2013-07-31,0.0042259661583059,0.0,NOK,0.3854351054271052,2013,93.588608992707,74.77774604107886,0.3160082241639922
2013-09-18,-0.0035151722454645,0.0,NOK,-0.0338937096520215,2013,93.588608992707,74.77774604107886,-0.26285665746199327
2013-10-30,0.0075123706626131,0.0,NOK,0.1632181534456516,2013,93.588608992707,74.77774604107886,0.5617581455753337
2013-12-18,0.0058421408391694,0.0,NOK,0.1781643014944421,2013,93.588608992707,74.77774604107886,0.4368621240076247
2014-01-29,0.0070645253769001,0.0,NOK,-0.4926719069972647,2014,127.40294112724682,108.59207817561868,0.7671514920019777
2014-03-19,0.0148599812679333,0.0,NOK,-0.4284812232981101,2014,127.40294112724682,108.59207817561868,1.613676247535642
2014-04-30,0.0068244514553151,0.0,NOK,1.0206218965698042,2014,127.40294112724682,108.59207817561868,0.741081365941292
2014-06-18,0.0109188121277117,0.0,NOK,-0.5886380255056683,2014,127.40294112724682,108.59207817561868,1.1856965001573623
2014-07-30,0.0021622085364156,0.0,NOK,-0.2013874030379608,2014,127.40294112724682,108.59207817561868,0.2347987184184329
2014-09-17,0.0150134351447968,0.0,NOK,-0.0766037979788567,2014,127.40294112724682,108.59207817561868,1.6303401229283552
2014-10-29,0.0176404592139643,0.0,NOK,-0.4769028522289743,2014,127.40294112724682,108.59207817561868,1.915614126016624
2014-12-17,-0.0259095047790474,-0.0055357142857406,NOK,1.1566277063982828,2014,127.40294112724682,108.59207817561868,-2.8135669684578812
2015-01-28,0.0021442992637392,0.0,NOK,-0.7639831194581079,2015,168.64385430066125,149.8329913490331,0.3212867730335736
2015-03-18,-0.0347104680105268,-0.0119230769230998,NOK,-0.7257728140236522,2015,168.64385430066125,149.8329913490331,-5.200773253142153
2015-04-29,0.0048207585881479,-0.0049999999999954,NOK,2.389519380760047,2015,168.64385430066125,149.8329913490331,0.7223086798337414
2015-06-17,-0.0180357370783715,-0.0115384615384836,NOK,0.68665809248175,2015,168.64385430066125,149.8329913490331,-2.7023484376370726
2015-07-29,0.0007774617598076,-0.0049999999999954,NOK,0.2947210267593567,2015,168.64385430066125,149.8329913490331,0.11648942113145619
2015-09-17,-0.0353233026490292,-0.0576923076923206,NOK,-0.49137733383939,2015,168.64385430066125,149.8329913490331,-5.29259610023127
2015-10-28,0.0278863450059916,-0.0050000000000096,NOK,-0.1137009787075323,2015,168.64385430066125,149.8329913490331,4.178294490038892
2015-12-16,0.0190186421992981,0.0206666666666772,NOK,-0.4997717876019823,2015,168.64385430066125,149.8329913490331,2.8496200521177886
2016-01-27,-0.0100129752298742,-0.0050000000000096,NOK,0.4413441057465581,2016,198.36717515406394,179.5563122024358,-1.7978929064505482
2016-03-16,-0.0447174101107624,-0.015500000000015,NOK,-0.3631378600119015,2016,198.36717515406394,179.5563122024358,-8.029293250732414
2016-04-27,0.0130580771678584,-0.0050000000000096,NOK,-0.2614573123171627,2016,198.36717515406394,179.5563122024358,2.344660180715482
2016-06-15,-0.0196647300337884,0.0,NOK,0.4596660818351659,2016,198.36717515406394,179.5563122024358,-3.5309264053235263
2016-07-27,0.0083998625015665,-0.0100000000000051,NOK,-0.1304540451041175,2016,198.36717515406394,179.5563122024358,1.5082483337888077
2016-09-21,-0.0140997003846475,-0.0416666666666286,NOK,0.0241106196391546,2016,198.36717515406394,179.5563122024358,-2.5316902042265705
2016-11-02,0.0084836442153226,-0.0053571428571379,NOK,0.1953459464264462,2016,198.36717515406394,179.5563122024358,1.5232918693408533
2016-12-14,0.0278630701095855,0.0,NOK,-0.5331576673383831,2016,198.36717515406394,179.5563122024358,5.002990115515091
2017-02-01,-0.0073924725151894,-0.0051851851851804,NOK,-0.0582043960749542,2017,205.8632361887045,187.05237323707635,-1.3827795280560362
2017-03-15,-0.0198771072916542,0.0,NOK,-0.0069783670649516,2017,205.8632361887045,187.05237323707635,-3.718060091991913
2017-05-03,0.0141789980585717,-0.0027678571428545,NOK,-0.2904749561762886,2017,205.8632361887045,187.05237323707635,2.6522152369797345
2017-06-14,0.0182385502184227,0.0187500000000095,NOK,0.8189936976322205,2017,205.8632361887045,187.05237323707635,3.4115641027595633
2017-07-26,-0.0017682016992021,-0.0049999999999954,NOK,0.2133534945861584,2017,205.8632361887045,187.05237323707635,-0.3307463241975838
2017-09-20,0.0282090026474706,0.0,NOK,0.0012809591822469,2017,205.8632361887045,187.05237323707635,5.2765608918603455
2017-11-01,0.0076398115377119,-0.0025862068965493,NOK,0.046560069455964,2017,205.8632361887045,187.05237323707635,1.4290448792130086
2017-12-13,0.0037590706788576,0.0043055555555515,NOK,-0.1027258266593747,2017,205.8632361887045,187.05237323707635,0.7031430916462218
2018-01-31,0.0094577773659963,-0.0074999999999931,NOK,0.2580445812916934,2018,219.66801915031283,200.8571561986847,1.8996622656943034
2018-03-21,0.0030673490276887,0.0,NOK,-0.1357492596810343,2018,219.66801915031283,200.8571561986847,0.6160990027703528
2018-05-02,0.0021041905253442,-0.0026724137931009,NOK,-0.3901624862501624,2018,219.66801915031283,200.8571561986847,0.4226417250208524
2018-06-13,0.0150453617748988,-0.0044117647059033,NOK,0.0674132080509366,2018,219.66801915031283,200.8571561986847,3.0219685800865683
2018-08-01,0.0038436923715133,-0.0025833333333309,NOK,-0.3357722846339845,2018,219.66801915031283,200.8571561986847,0.7720331190447397
2018-09-26,0.0062027488421337,0.0100000000000051,NOK,0.2636898368565608,2018,219.66801915031283,200.8571561986847,1.245866493045659
2018-11-08,0.0088093356493354,0.0068181818181755,NOK,-0.1907561839344878,2018,219.66801915031283,200.8571561986847,1.7694181065252017
2018-12-19,0.0203843252731822,0.0258333333333465,NOK,0.6546009212858876,2018,219.66801915031283,200.8571561986847,4.094337605400353
2019-01-30,-0.0068702875218163,0.0,NOK,0.3334652215472347,2019,197.05162332167163,178.2407603700435,-1.2245652718493591
2019-03-20,-0.0114304027526008,0.0,NOK,-0.228584925015937,2019,197.05162332167163,178.2407603700435,-2.0373636779594047
2019-05-01,-0.0168063463862905,-0.0258333333333391,NOK,0.0729145601008933,2019,197.05162332167163,178.2407603700435,-2.9955759589347513
2019-06-19,-0.0347554236608728,0.0545454545454436,NOK,0.1236306349303151,2019,197.05162332167163,178.2407603700435,-6.194833140296969
2019-07-31,0.0337184701884011,0.0375000000000085,NOK,-0.2702719758553739,2019,197.05162332167163,178.2407603700435,6.010005764895256
2019-09-18,0.0268265530608181,0.0343750000000042,NOK,0.0291010030707192,2019,197.05162332167163,178.2407603700435,4.781585215667536
2019-10-04,0.0089571821939382,0.0,NOK,0.043934318901009,2019,197.05162332167163,178.2407603700435,1.5965349650205591
2019-10-30,0.0163512469508232,-0.0099999999999909,NOK,0.197369198574109,2019,197.05162332167163,178.2407603700435,2.9144586895130824
2019-12-11,0.0041059291975144,0.0,NOK,0.2139225019601872,2019,197.05162332167163,178.2407603700435,0.7318439421905292
2020-01-29,0.0101436556376702,0.0100000000000051,NOK,-0.3508756352964206,2020,243.20854794798078,224.39768499635264,2.276212842493394
2020-03-03,-0.1002935803411909,-0.2601785714285708,NOK,0.7388306208942476,2020,243.20854794798078,224.39768499635264,-22.50564724855894
2020-03-19,-0.0063512895718225,0.0129166666666547,NOK,-1.4962515601125717,2020,243.20854794798078,224.39768499635264,-1.4252146766584448
2020-03-23,-0.012152390350357,-0.009687499999991,NOK,3.376226333265108,2020,243.20854794798078,224.39768499635264,-2.7269682617921256
2020-03-31,0.0032152962607291,-0.0024999999999977,NOK,1.9376873180556875,2020,243.20854794798078,224.39768499635264,0.7215050374850391
2020-04-29,-0.0036141284589083,-0.0300000000000011,NOK,0.5114952850071159,2020,243.20854794798078,224.39768499635264,-0.8110020594584582
2020-06-10,0.0041059291975123,0.0,NOK,-0.621543402133507,2020,243.20854794798078,224.39768499635264,0.9213610066806921
2020-07-29,0.0033490368734794,0.0,NOK,0.337004724239005,2020,243.20854794798078,224.39768499635264,0.7515161213762002
2020-08-27,0.0054307037680482,0.0,NOK,0.3627607457485209,2020,243.20854794798078,224.39768499635264,1.2186373534509853
2020-09-16,0.0043995649398471,0.0,NOK,0.3224218760205105,2020,243.20854794798078,224.39768499635264,0.9872521874928067
2020-11-05,0.0066301076792566,0.0029999999999972,NOK,1.137365830440831,2020,243.20854794798078,224.39768499635264,1.4877808145017213
2020-12-16,0.0063510416473751,-0.0051666666666619,NOK,0.3733126316666623,2020,243.20854794798078,224.39768499635264,1.425159042986394
2021-01-27,0.0094840404266222,0.0,NOK,-0.957769207652124,2021,280.37762172010264,261.56675876847453,2.4807097144207493
2021-03-17,0.0006266370091781,-0.0110714285714498,NOK,-0.3307889559300567,2021,280.37762172010264,261.56675876847453,0.16390741141508644
2021-04-28,0.0026713600197029,-0.0100000000000051,NOK,0.6531654371967733,2021,280.37762172010264,261.56675876847453,0.6987389818573758
2021-06-16,0.0199673065124721,0.0267857142857202,NOK,-0.2919500494290214,2021,280.37762172010264,261.56675876847453,5.222783645803981
2021-07-28,0.0068244514553151,0.0,NOK,0.312862036928703,2021,280.37762172010264,261.56675876847453,1.7850496475395699
2021-09-22,0.0076324076234047,0.0,NOK,0.7156306733961768,2021,280.37762172010264,261.56675876847453,1.9963841236537632
2021-11-03,0.0063698624910797,0.0027777777777752,NOK,-0.3263143492277238,2021,280.37762172010264,261.56675876847453,1.666144285592598
2021-12-15,0.0238408887927261,0.0,NOK,0.3198068500373949,2021,280.37762172010264,261.56675876847453,6.235984007673016
2022-01-26,0.0012942801622569,-0.0050000000000096,NOK,0.923421403553622,2022,269.66432174008384,250.8534587884557,0.32467465534342704
2022-03-16,0.0602717645156901,-0.0206666666666772,NOK,0.9903500299530188,2022,269.66432174008384,250.8534587884557,15.119380596044174
2022-05-04,-0.0156146659816477,-0.0172222222222228,NOK,-0.1755739856732416,2022,269.66432174008384,250.8534587884557,-3.9169929693227625
2022-06-15,0.0498852378507765,0.0449999999999874,NOK,-0.2826708768659154,2022,269.66432174008384,250.8534587884557,12.513884457352072
2022-07-27,0.0026549658267917,-0.0150000000000005,NOK,0.5325785888603006,2022,269.66432174008384,250.8534587884557,0.6660073606158499
2022-09-21,0.054655695433522,-0.024999999999977,NOK,-0.0407260885312377,2022,269.66432174008384,250.8534587884557,13.710570241987398
2022-11-02,-0.0351361076874267,-0.0053571428571379,NOK,-0.1631203639545509,2022,269.66432174008384,250.8534587884557,-8.814014141754635
2022-12-14,0.0559791242146778,-0.0022794117647036,NOK,0.3409390892578064,2022,269.66432174008384,250.8534587884557,14.04255692920052
2023-02-01,0.014032377742109,-0.0077777777777706,NOK,0.0830020798171277,2023,200.88665345218607,182.07579050055793,2.5549562699969304
2023-03-22,-0.0189041792985785,0.0258333333333095,NOK,0.6843677798562342,2023,200.88665345218607,182.07579050055793,-3.441993389552963
2023-05-03,0.0138713034564892,0.0138392857142888,NOK,0.3318997335870057,2023,200.88665345218607,182.07579050055793,2.5256285421133926
2023-06-14,0.0533654635353005,-0.0187500000000095,NOK,0.8968923736250359,2023,200.88665345218607,182.07579050055793,9.716558958618537
2023-07-26,0.0122077356629631,0.0,NOK,-0.5229961305399723,2023,200.88665345218607,182.07579050055793,2.222733121055859
2023-09-20,0.0459762111587796,0.0,NOK,0.4248941829027265,2023,200.88665345218607,182.07579050055793,8.371154990955368
2023-11-01,-0.0022707679661664,-0.0025862068965493,NOK,-0.4901773646121447,2023,200.88665345218607,182.07579050055793,-0.41345187248309145
2023-12-13,-0.0455356220279847,-0.0043055555555515,NOK,0.506787919166793,2023,200.88665345218607,182.07579050055793,-8.290934376679933
2024-01-31,0.0189798297838987,0.0012499999999988,NOK,-0.0813214298070031,2024,298.1980840603659,279.3872211087378,5.3027219004403126
2024-03-20,-0.0078672537674286,0.0,NOK,-0.0459776594211492,2024,298.1980840603659,279.3872211087378,-2.1980101678391244
2024-05-01,0.0045443938399247,0.0,NOK,0.0198534455404369,2024,298.1980840603659,279.3872211087378,1.269645566560228
2024-06-12,0.0182455221618397,0.0,NOK,2.066512275178568,2024,298.1980840603659,279.3872211087378,5.0975657344742835
2024-07-31,0.0166624695624229,0.0,NOK,0.4787320939661454,2024,298.1980840603659,279.3872211087378,4.6552810678542595
2024-09-18,-0.0714310356297788,-0.1187499999999985,NOK,-0.004718071630622,2024,298.1980840603659,279.3872211087378,-19.956918545523138
2024-11-07,0.0144816547036135,0.0,NOK,1.9694959545746344,2024,298.1980840603659,279.3872211087378,4.045989264698858
2024-12-18,0.0543358251058351,-0.0059615384615668,NOK,-0.4724811328554943,2024,298.1980840603659,279.3872211087378,15.180735182969658
2025-01-29,0.0179627680688357,0.0049999999999954,NOK,0.0070808992771766,2025,377.9409052585065,359.1300423068784,6.45096965650961
2025-03-19,-0.0153788683487746,0.0,NOK,-0.1417314143939849,2025,377.9409052585065,359.1300423068784,-5.523013640727335
2025-05-07,-0.0072564712605612,0.0,NOK,-0.0922809485914105,2025,377.9409052585065,359.1300423068784,-2.606016830803991
2025-06-18,-0.0078696651967995,0.0062499999999943,NOK,-0.656090315611557,2025,377.9409052585065,359.1300423068784,-2.826233195067573
2025-07-30,0.0011993830099653,0.0024999999999977,NOK,-0.5203082819133344,2025,377.9409052585065,359.1300423068784,0.43073447111098934
2025-09-17,-0.0230503105126839,0.011538461538451,NOK,-0.3371857407953913,2025,377.9409052585065,359.1300423068784,-8.278058989606853
2025-10-29,0.0112417470727232,0.0249999999999914,NOK,0.0652449972705802,2025,377.9409052585065,359.1300423068784,4.03724910183031
2025-12-10,-0.0015137379791926,-0.0036904761904938,NOK,-0.0009866068125288,2025,377.9409052585065,359.1300423068784,-0.5436287845089671
